Unnamed: 0,leases.date,leases.location,leases.sq_ft,leases.description,leases.value,leases.savings,leases.agency,dt_scrape,date,location,sq_ft,description_doge,value,savings,agency
2,5/23/2025,"WASHINGTON, DC",200432.0,True Termination- Agency Closed Office,9535356.0,0.0,FEDERAL BUREAU OF INVESTIGATION,2025-06-19,,,,,,,
3,5/22/2025,"KNOXVILLE, TN",1562.0,,41142.0,10370.0,DEFENSE CONTRACT AUDIT AGENCY,2025-06-19,,,,,,,
4,5/22/2025,"CAMARILLO, CA",3456.0,,136554.0,155260.0,DEFENSE CONTRACT AUDIT AGENCY,2025-06-19,,,,,,,
5,5/22/2025,"STOCKTON, CA",972.0,,27527.0,0.0,SMALL BUSINESS ADMINISTRATION,2025-06-19,,,,,,,
6,5/22/2025,"SAN DIEGO, CA",22895.0,,573868.0,0.0,FEDERAL BUREAU OF INVESTIGATION,2025-06-19,,,,,,,
7,5/22/2025,"BOISE, ID",2898.0,,65243.0,500493.0,DEFENSE CONTRACT AUDIT AGENCY,2025-06-19,,,,,,,
8,5/7/2025,"SYRACUSE, NY",3582.0,True Termination- Move to Federal Space,59660.0,0.0,VETERANS BENEFITS ADMINISTRATION,2025-06-19,,,,,,,
9,5/7/2025,"SYRACUSE, NY",1250.0,True Termination- Move to Federal Space,20264.0,0.0,OFFICE OF THE INSPECTOR GENERAL,2025-06-19,,,,,,,
10,5/6/2025,"SCHENECTADY, NY",2887.0,True Termination- Agency Closed Office,67169.0,81339.0,DEFENSE CONTRACT AUDIT AGENCY,2025-06-19,,,,,,,
11,4/28/2025,"WEST NYACK, NY",5000.0,Agency Identified Terminations,152848.0,420436.0,INTERNAL REVENUE SERVICE NATIONAL OFFICE,2025-06-19,,,,,,,
12,4/28/2025,"ELMIRA, NY",3528.0,Agency Identified Terminations,51469.0,137203.0,INTERNAL REVENUE SERVICE NATIONAL OFFICE,2025-06-19,,,,,,,
13,4/28/2025,"WHEELING, WV",3418.0,Agency Identified Terminations,49526.0,213571.0,INTERNAL REVENUE SERVICE NATIONAL OFFICE,2025-06-19,,,,,,,
14,4/28/2025,"SAINT PETERSBURG, FL",30426.0,Agency Identified Terminations,720506.0,1600906.0,INTERNAL REVENUE SERVICE NATIONAL OFFICE,2025-06-19,,,,,,,
15,4/28/2025,"TAMPA, FL",21376.0,Agency Identified Terminations,760986.0,760986.0,INTERNAL REVENUE SERVICE NATIONAL OFFICE,2025-06-19,,,,,,,
16,4/28/2025,"FORT PIERCE, FL",800.0,Agency Identified Terminations,16268.0,4056.0,SMALL BUSINESS ADMINISTRATION,2025-06-19,,,,,,,
17,4/28/2025,"TALLAHASSEE, FL",4686.0,True Termination- Agency Closed Office,110032.0,0.0,SSA,2025-06-19,,,,,,,
18,4/28/2025,"FARMINGTON HILLS, MI",18031.0,Agency Identified Terminations,439314.0,587357.0,INTERNAL REVENUE SERVICE NATIONAL OFFICE,2025-06-19,,,,,,,
19,4/28/2025,"PEWAUKEE, WI",14716.0,Agency Identified Terminations,262585.0,458984.0,INTERNAL REVENUE SERVICE NATIONAL OFFICE,2025-06-19,,,,,,,
20,4/28/2025,"LOS ANGELES, CA",6500.0,Agency Identified Terminations,348000.0,0.0,DOD -WHS,2025-06-19,,,,,,,
21,4/28/2025,"WALNUT CREEK, CA",8017.0,Agency Identified Terminations,249458.0,0.0,INTERNAL REVENUE SERVICE NATIONAL OFFICE,2025-06-19,,,,,,,
22,4/21/2025,"NORTH PLATTE, NE",519.0,Termination by Region,2765.0,10227.0,ANIMAL AND PLANT HEALTH INSPECTION SERVICE,2025-06-19,,,,,,,
23,4/16/2025,"NEW YORK, NY",928.0,True Termination- Agency Closed Office,52356.0,0.0,DHS USSS,2025-06-19,,,,,,,
24,4/15/2025,"NACOGDOCHES, TX",1717.0,,43207.0,79193.0,SOCIAL SECURITY ADMINISTRATION,2025-06-19,,,,,,,
25,4/4/2025,"GREENSBORO, NC",5846.0,,107197.0,294865.0,EQUAL EMPLOYMENT OPPORTUNITY COMMISSION,2025-06-19,,,,,,,
26,4/4/2025,"SAN JOSE, CA",5736.0,,308476.0,988813.0,EQUAL EMPLOYMENT OPPORTUNITY COMMISSION,2025-06-19,,,,,,,
27,4/3/2025,"ISELIN, NJ",5278.0,Termination via Mass Mod,142675.0,0.0,FED MED & CONCIL SRV,2025-06-19,,,,,,,
28,4/3/2025,"PONCE, PR",270.0,Termination via Mass Mod,10727.0,75119.0,"EMPLOYMENT STANDARDS ADMINISTRATION, WAGE AND HOUR DIVI",2025-06-19,,,,,,,
29,4/3/2025,"BALTIMORE, MD",103579.0,Termination via Mass Mod,2402919.0,0.0,CENTERS FOR MEDICARE AND MEDICAID SERVICES,2025-06-19,,,,,,,
30,4/3/2025,"PORTSMOUTH, VA",1730.0,Termination via Mass Mod,37830.0,189253.0,FED MED & CONCIL SRV,2025-06-19,,,,,,,
31,4/3/2025,"GREENVILLE, NC",7701.0,True Termination- Agency Closed Office,148367.0,148367.0,FARM SERVICE AGENCY - COUNTY,2025-06-19,,,,,,,
32,4/3/2025,"FAIRFIELD, CA",19413.0,Termination via Mass Mod,645525.0,3227627.0,JOINT FORCES HEADQUARTERS NCR/MILITARY DC WASH,2025-06-19,,,,,,,
33,4/3/2025,"WASHINGTON, DC",17500.0,Termination via Mass Mod,179604.0,0.0,DEPARTMENT OF EDUCATION,2025-06-19,,,,,,,
34,4/3/2025,"WASHINGTON, DC",27714.0,Termination via Mass Mod,1238963.0,0.0,INSTITUTE MUSM SERV,2025-06-19,,,,,,,
35,4/1/2025,"NORTH CHARLESTON, SC",75000.0,True Termination- Agency Closed Office,725132.0,25827.0,DEPARTMENT OF AIR FORCE,2025-06-19,,,,,,,
36,3/28/2025,"INDEPENDENCE, OH",6609.0,True Termination- Agency Closed Office,137951.0,542735.0,FED MED & CONCIL SRV,2025-06-19,,,,,,,
37,3/13/2025,"IDAHO FALLS, ID",1920.0,Terminating to align with the adminstrations reduction goals,34856.0,225272.0,AGRICULTURAL MARKETING SERVICE,2025-06-19,,,,,,,
38,3/12/2025,"MINOT, ND",833.0,Soft Term Terminations via PBS Commissioner Letter 2.25.25,18441.0,44560.0,UNITED STATES FISH AND WILDLIFE SERVICE,2025-06-19,,,,,,,
39,3/11/2025,"BUFFALO, NY",2178.0,True Termination- Agency Closed Office,44352.0,144236.0,FED MED & CONCIL SRV,2025-06-19,,,,,,,
40,3/7/2025,"LITTLETON, CO",1250.0,Soft Term Terminations via PBS Commissioner Letter 2.25.25,20859.0,19144.0,UNITED STATES FISH AND WILDLIFE SERVICE,2025-06-19,,,,,,,
41,3/7/2025,"GREAT FALLS, MT",3310.0,Soft Term Terminations via PBS Commissioner Letter 2.25.25,21021.0,38471.0,UNITED STATES FISH AND WILDLIFE SERVICE,2025-06-19,,,,,,,
42,3/4/2025,"NEW YORK, NY",10728.0,Termination via Mass Mod,623895.0,1871686.0,FEDERAL ENERGY REGULATORY COMMISSION,2025-06-19,,,,,,,
43,3/4/2025,"HATO REY, PR",25985.0,Termination via Mass Mod,1131388.0,7922819.0,OFFICE OF THE SECRETARY,2025-06-19,,,,,,,
44,3/4/2025,"SAN JUAN, PR",5918.0,Termination via Mass Mod,260830.0,390173.0,UNITED STATES TRUSTEES,2025-06-19,,,,,,,
45,3/4/2025,"CHARLES TOWN, WV",39037.0,Termination via Mass Mod,953424.0,9539468.0,NATIONAL PARK SERVICE,2025-06-19,,,,,,,
46,3/4/2025,"ROCK VIEW, WV",20781.0,Termination via Mass Mod,566978.0,0.0,MINE SAFETY HEALTH ADMINISTRATION,2025-06-19,,,,,,,
47,3/4/2025,"NORCROSS, GA",15120.0,Termination via Mass Mod,219857.0,0.0,ENVIRONMENTAL PROTECTION AGENCY,2025-06-19,,,,,,,
48,3/4/2025,"MEMPHIS, TN",2962.0,Termination via Mass Mod,81853.0,479905.0,NATIONAL LABOR RELATIONS BOARD,2025-06-19,,,,,,,
49,3/4/2025,"OAK RIDGE, TN",2164.0,Termination via Mass Mod,42458.0,212288.0,"EMPLOY. STANDARDS ADMIN., OFC OF WORKERS' COMP. PRGMS",2025-06-19,,,,,,,
50,3/4/2025,"JOLIET, IL",500.0,Termination via Mass Mod,6667.0,33354.0,"EMPLOY. AND TRAIN. ADMIN., BUR. OF APPRENTICESHIP AND T",2025-06-19,,,,,,,
51,3/4/2025,"BLOOMINGTON, IN",9400.0,Termination via Mass Mod,177473.0,532906.0,UNITED STATES FISH AND WILDLIFE SERVICE,2025-06-19,,,,,,,
52,3/4/2025,"FRANKLIN, IN",2307.0,Termination via Mass Mod,38432.0,76970.0,UNITED STATES FISH AND WILDLIFE SERVICE,2025-06-19,,,,,,,
53,3/4/2025,"INDIANAPOLIS, IN",2409.0,Termination via Mass Mod,70798.0,141789.0,"EMPLOYMENT STANDARDS ADMINISTRATION, WAGE AND HOUR DIVI",2025-06-19,,,,,,,
54,3/4/2025,"CLEVELAND, OH",28704.0,Termination via Mass Mod,758610.0,0.0,OFFICE OF THE SECRETARY,2025-06-19,,,,,,,
55,3/4/2025,"MADISON, WI",3686.0,Termination via Mass Mod,104612.0,104612.0,SMALL BUSINESS ADMINISTRATION,2025-06-19,,,,,,,
56,3/4/2025,"MILWAUKEE, WI",17556.0,Termination via Mass Mod,405424.0,1217384.0,OFFICE OF THE SECRETARY,2025-06-19,,,,,,,
57,3/4/2025,"RICE LAKE, WI",1150.0,Termination via Mass Mod,27839.0,27839.0,GEOLOGICAL SURVEY,2025-06-19,,,,,,,
58,3/4/2025,"LITTLE ROCK, AR",8352.0,Termination via Mass Mod,180126.0,0.0,OCCUPATIONAL SAFETY AND HEALTH ADMINISTRATION,2025-06-19,,,,,,,
59,3/4/2025,"OKLAHOMA CITY, OK",16925.0,Termination via Mass Mod,320994.0,1284854.0,GEOLOGICAL SURVEY,2025-06-19,,,,,,,
60,3/4/2025,"HOUSTON, TX",22809.0,Termination via Mass Mod,401651.0,2008253.0,OFFICE OF NATURAL RESOURCES AND REVENUE,2025-06-19,,,,,,,
61,3/4/2025,"LAKEWOOD, CO",18144.0,True Termination- Move to Federal Space,428782.0,0.0,OFFICE OF THE SOLICITOR,2025-06-19,,,,,,,
62,3/4/2025,"MOAB, UT",35358.0,Termination via Mass Mod,810064.0,8105077.0,NATIONAL PARK SERVICE,2025-06-19,,,,,,,
63,3/4/2025,"LANDER, WY",7601.0,Termination via Mass Mod,111187.0,778616.0,UNITED STATES FISH AND WILDLIFE SERVICE,2025-06-19,,,,,,,
64,3/4/2025,"CAMP VERDE, AZ",2300.0,Termination via Mass Mod,50401.0,100802.0,NATIONAL PARK SERVICE,2025-06-19,,,,,,,
65,3/4/2025,"PALM SPRINGS, CA",5310.0,Termination via Mass Mod,205234.0,410468.0,UNITED STATES FISH AND WILDLIFE SERVICE,2025-06-19,,,,,,,
66,3/4/2025,"LAS VEGAS, NV",1513.0,Termination via Mass Mod,29549.0,295651.0,"EMPLOY. STANDARDS ADMIN., OFC OF WORKERS' COMP. PRGMS",2025-06-19,,,,,,,
67,3/4/2025,"WASHINGTON, DC",76200.0,Termination via Mass Mod,3639020.0,0.0,DEPARTMENT OF HOUSING AND URBAN DEVELOPMENT,2025-06-19,,,,,,,
68,3/4/2025,"WASHINGTON, DC",33675.0,Termination via Mass Mod,2157949.0,0.0,OFFICE OF THE INSPECTOR GENERAL,2025-06-19,,,,,,,
69,3/4/2025,"ALEXANDRIA, VA",55159.0,Termination via Mass Mod,2272949.0,0.0,SIGPR,2025-06-19,,,,,,,
70,3/3/2025,"CHELSEA, MA",2500.0,Termination via Mass Mod,96026.0,224413.0,UNITED STATES FISH AND WILDLIFE SERVICE,2025-06-19,,,,,,,
71,3/3/2025,"OSWEGO, NY",4875.0,Termination via Mass Mod,108197.0,18082.0,GEOLOGICAL SURVEY,2025-06-19,,,,,,,
72,3/3/2025,"POTSDAM, NY",1748.0,Termination via Mass Mod,12943.0,41630.0,GEOLOGICAL SURVEY,2025-06-19,,,,,,,
73,3/3/2025,"VALLEY STREAM, NY",9493.0,Termination via Mass Mod,345179.0,719674.0,UNITED STATES FISH AND WILDLIFE SERVICE,2025-06-19,,,,,,,
74,3/3/2025,"SOMERSET, PA",2361.0,Termination via Mass Mod,29693.0,86720.0,NATIONAL PARK SERVICE,2025-06-19,,,,,,,
75,3/3/2025,"GLOUCESTER, VA",11281.0,Termination via Mass Mod,310651.0,496190.0,UNITED STATES FISH AND WILDLIFE SERVICE,2025-06-19,,,,,,,
76,3/3/2025,"RICHMOND, VA",4380.0,Termination via Mass Mod,76911.0,513089.0,UNITED STATES FISH AND WILDLIFE SERVICE,2025-06-19,,,,,,,
77,3/3/2025,"FAIRHOPE, AL",5132.0,Termination via Mass Mod,176859.0,707922.0,UNITED STATES FISH AND WILDLIFE SERVICE,2025-06-19,,,,,,,
78,3/3/2025,"JACKSONVILLE, FL",2700.0,Termination via Mass Mod,42390.0,145287.0,UNITED STATES FISH AND WILDLIFE SERVICE,2025-06-19,,,,,,,
79,3/3/2025,"PANAMA CITY, FL",13000.0,Termination via Mass Mod,246957.0,123140.0,UNITED STATES FISH AND WILDLIFE SERVICE,2025-06-19,,,,,,,
80,3/3/2025,"LOUISVILLE, KY",21950.0,Termination via Mass Mod,507129.0,1289357.0,GEOLOGICAL SURVEY,2025-06-19,,,,,,,
81,3/3/2025,"ANN ARBOR, MI",4800.0,Termination via Mass Mod,86301.0,336220.0,UNITED STATES FISH AND WILDLIFE SERVICE,2025-06-19,,,,,,,
82,3/3/2025,"WINONA, MN",6827.0,Termination via Mass Mod,118449.0,528313.0,UNITED STATES FISH AND WILDLIFE SERVICE,2025-06-19,,,,,,,
83,3/3/2025,"MADISON, WI",7125.0,Termination via Mass Mod,187168.0,546632.0,UNITED STATES FISH AND WILDLIFE SERVICE,2025-06-19,,,,,,,
84,2/28/2025,"HARTFORD, CT",24647.0,Termination via Mass Mod,671727.0,1231192.0,OFFICE OF THE SECRETARY,2025-06-19,,,,,,,
85,2/28/2025,"BALTIMORE, MD",1812.0,Termination via Mass Mod,42993.0,39342.0,UNITED STATES FISH AND WILDLIFE SERVICE,2025-06-19,,,,,,,
86,2/28/2025,"RICHMOND, VA",19277.0,Termination via Mass Mod,342341.0,962305.0,GEOLOGICAL SURVEY,2025-06-19,,,,,,,
87,2/28/2025,"CHARLESTON, WV",1692.0,Termination via Mass Mod,51245.0,245978.0,FEDERAL MOTOR CARRIER SAFETY ADMINISTRATION,2025-06-19,,,,,,,
88,2/28/2025,"CHARLESTON, WV",10875.0,Termination via Mass Mod,222716.0,1532166.0,GEOLOGICAL SURVEY,2025-06-19,,,,,,,
89,2/28/2025,"TALLAHASSEE, FL",3802.0,Termination via Mass Mod,142115.0,693055.0,GEOLOGICAL SURVEY,2025-06-19,,,,,,,
90,2/28/2025,"HOMESTEAD, FL",21356.0,Termination via Mass Mod,545466.0,1226926.0,NATIONAL PARK SERVICE,2025-06-19,,,,,,,
91,2/28/2025,"ATLANTA, GA",25422.0,Termination via Mass Mod,678914.0,223205.0,OFFICE OF THE SECRETARY,2025-06-19,,,,,,,
92,2/28/2025,"LOUISVILLE, KY",3938.0,Termination via Mass Mod,101765.0,275464.0,FOOD AND DRUG ADMINISTRATION,2025-06-19,,,,,,,
93,2/28/2025,"NORTH CHARLESTON, SC",465.0,Termination via Mass Mod,13725.0,38920.0,SMALL BUSINESS ADMINISTRATION,2025-06-19,,,,,,,
94,2/28/2025,"CHICAGO, IL",4651.0,Termination via Mass Mod,142746.0,277279.0,FEDERAL LABOR RELATIONS AUTHORITY,2025-06-19,,,,,,,
95,2/28/2025,"LISLE, IL",13104.0,Termination via Mass Mod,424359.0,353438.0,FOOD AND DRUG ADMINISTRATION,2025-06-19,,,,,,,
96,2/28/2025,"ST. PAUL, MN",4246.0,Termination via Mass Mod,114723.0,535585.0,FEDERAL HIGHWAY ADMINISTRATION,2025-06-19,,,,,,,
97,2/28/2025,"CLEVELAND, OH",5722.0,Termination via Mass Mod,145182.0,325366.0,SMALL BUSINESS ADMINISTRATION,2025-06-19,,,,,,,
98,2/28/2025,"DERBY, KS",1365.0,Termination via Mass Mod,19776.0,92324.0,UNITED STATES FISH AND WILDLIFE SERVICE,2025-06-19,,,,,,,
99,2/28/2025,"SALINA, KS",2203.0,Termination via Mass Mod,47489.0,186182.0,INTERNAL REVENUE SERVICE NATIONAL OFFICE,2025-06-19,,,,,,,
100,2/28/2025,"OMAHA, NE",1875.0,Termination via Mass Mod,34357.0,91682.0,FOOD AND DRUG ADMINISTRATION,2025-06-19,,,,,,,
101,2/28/2025,"LITTLE ROCK, AR",19005.0,Termination via Mass Mod,351510.0,3114473.0,GEOLOGICAL SURVEY,2025-06-19,,,,,,,
102,2/28/2025,"SANTA FE, NM",5847.0,Termination via Mass Mod,150950.0,732004.0,FEDERAL HIGHWAY ADMINISTRATION,2025-06-19,,,,,,,
103,2/28/2025,"TULSA, OK",5682.0,Termination via Mass Mod,109426.0,87541.0,DEPARTMENT OF HOUSING AND URBAN DEVELOPMENT,2025-06-19,,,,,,,
104,2/28/2025,"LAREDO, TX",2645.0,Termination via Mass Mod,55680.0,231567.0,UNITED STATES FISH AND WILDLIFE SERVICE,2025-06-19,,,,,,,
105,2/28/2025,"FORT WORTH, TX",5835.0,Termination via Mass Mod,157720.0,569522.0,FEDERAL RAILROAD ADMINISTRATION,2025-06-19,,,,,,,
106,2/28/2025,"DURANGO, CO",8900.0,Termination via Mass Mod,246856.0,493712.0,BUREAU OF RECLAMATION,2025-06-19,,,,,,,
107,2/28/2025,"GOLDEN, CO",8219.0,Termination via Mass Mod,191353.0,517963.0,GEOLOGICAL SURVEY,2025-06-19,,,,,,,
108,2/28/2025,"BOZEMAN, MT",7853.0,Termination via Mass Mod,241265.0,674219.0,UNITED STATES FISH AND WILDLIFE SERVICE,2025-06-19,,,,,,,
109,2/28/2025,"BOZEMAN, MT",15605.0,Termination via Mass Mod,369838.0,1387147.0,GEOLOGICAL SURVEY,2025-06-19,,,,,,,
110,2/28/2025,"RAPID CITY, SD",2252.0,Termination via Mass Mod,53198.0,146330.0,OFFICE OF HEARING AND APPEALS,2025-06-19,,,,,,,
111,2/28/2025,"SIOUX FALLS, SD",1217.0,Termination via Mass Mod,28749.0,131771.0,DEPARTMENTAL MANAGEMENT (IG),2025-06-19,,,,,,,
112,2/28/2025,"RAPID CITY, SD",1518.0,Termination via Mass Mod,43938.0,267482.0,NATIONAL INDIAN GAMING COMMISSION,2025-06-19,,,,,,,
113,2/28/2025,"WEST VALLEY CITY, UT",8482.0,Termination via Mass Mod,116431.0,475930.0,UNITED STATES FISH AND WILDLIFE SERVICE,2025-06-19,,,,,,,
114,2/28/2025,"MOAB, UT",4750.0,Termination via Mass Mod,134100.0,91482.0,GEOLOGICAL SURVEY,2025-06-19,,,,,,,
115,2/28/2025,"SAN DIEGO, CA",6374.0,Termination via Mass Mod,454339.0,339820.0,FOOD AND DRUG ADMINISTRATION,2025-06-19,,,,,,,
116,2/28/2025,"LONG BEACH, CA",24167.0,Termination via Mass Mod,952904.0,1112157.0,FOOD AND DRUG ADMINISTRATION,2025-06-19,,,,,,,
117,2/28/2025,"ARCATA, CA",25500.0,Termination via Mass Mod,644211.0,995438.0,UNITED STATES FISH AND WILDLIFE SERVICE,2025-06-19,,,,,,,
118,2/28/2025,"ANCHORAGE, AK",14805.0,Termination via Mass Mod,664745.0,1996055.0,OFFICE OF THE SECRETARY,2025-06-19,,,,,,,
119,2/28/2025,"LAPWAI, ID",6068.0,Termination via Mass Mod,112124.0,860128.0,BUREAU OF INDIAN AFFAIRS,2025-06-19,,,,,,,
120,2/28/2025,"BOISE, ID",5890.0,Termination via Mass Mod,122218.0,962672.0,OFFICE OF THE SOLICITOR,2025-06-19,,,,,,,
121,2/28/2025,"BAKER CITY, OR",7030.0,Termination via Mass Mod,204936.0,823673.0,BUREAU OF LAND MANAGEMENT,2025-06-19,,,,,,,
122,2/28/2025,"TOPPENISH, WA",17107.0,Termination via Mass Mod,533985.0,1113322.0,BUREAU OF INDIAN AFFAIRS,2025-06-19,,,,,,,
123,2/27/2025,"MANSFIELD, OH",1047.0,True Termination- Agency Closed Office,15188.0,27963.0,SOCIAL SECURITY ADMINISTRATION,2025-06-19,,,,,,,
124,2/27/2025,"WAUSAU, WI",1851.0,True Termination- Agency Closed Office,34211.0,51082.0,SOCIAL SECURITY ADMINISTRATION,2025-06-19,,,,,,,
125,2/26/2025,"WALLINGFORD, CT",2711.0,Termination via Mass Mod,80590.0,16780.0,ANIMAL AND PLANT HEALTH INSPECTION SERVICE,2025-06-19,,,,,,,
126,2/26/2025,"UXBRIDGE, MA",4852.0,Termination via Mass Mod,101811.0,420911.0,ANIMAL AND PLANT HEALTH INSPECTION SERVICE,2025-06-19,,,,,,,
127,2/26/2025,"SPRINGFIELD, MA",599.0,Termination via Mass Mod,9995.0,38338.0,"EMPLOYMENT STANDARDS ADMINISTRATION, WAGE AND HOUR DIVI",2025-06-19,,,,,,,
128,2/26/2025,"NARRAGANSETT PIER, RI",674.0,Termination via Mass Mod,23937.0,197992.0,NATIONAL OCEANIC ATMOSPHERIC ADMINISTRATION,2025-06-19,,,,,,,
129,2/26/2025,"EAST PROVIDENCE, RI",1556.0,Termination via Mass Mod,38867.0,126503.0,FEDERAL MOTOR CARRIER SAFETY ADMINISTRATION,2025-06-19,,,,,,,
130,2/26/2025,"BARRE, VT",287.0,Termination via Mass Mod,9369.0,13245.0,NATIONAL OCEANIC ATMOSPHERIC ADMINISTRATION,2025-06-19,,,,,,,
131,2/26/2025,"NEWARK, NJ",14736.0,Termination via Mass Mod,633783.0,2125344.0,FOOD AND DRUG ADMINISTRATION,2025-06-19,,,,,,,
132,2/26/2025,"PRINCETON, NJ",3780.0,Termination via Mass Mod,111100.0,472706.0,FEDERAL MOTOR CARRIER SAFETY ADMINISTRATION,2025-06-19,,,,,,,
133,2/26/2025,"MOUNTAINSIDE, NJ",3451.0,Termination via Mass Mod,97360.0,122167.0,OFFICE OF INSPECTOR GENERAL,2025-06-19,,,,,,,
134,2/26/2025,"WHITE PLAINS, NY",2071.0,Termination via Mass Mod,67169.0,203531.0,INTERNATIONAL TRADE ADMINISTRATION,2025-06-19,,,,,,,
135,2/26/2025,"LARES, PR",2700.0,Termination via Mass Mod,80561.0,305471.0,FARM SERVICE AGENCY - COUNTY,2025-06-19,,,,,,,
136,2/26/2025,"PONCE, PR",3218.0,Termination via Mass Mod,134785.0,472670.0,FARM SERVICE AGENCY - COUNTY,2025-06-19,,,,,,,
137,2/26/2025,"WILMINGTON, DE",3464.0,Termination via Mass Mod,95385.0,310982.0,FOOD AND DRUG ADMINISTRATION,2025-06-19,,,,,,,
138,2/26/2025,"WILMINGTON, DE",2950.0,Termination via Mass Mod,84288.0,280575.0,FEDERAL RAILROAD ADMINISTRATION,2025-06-19,,,,,,,
139,2/26/2025,"BALTIMORE, MD",6160.0,Termination via Mass Mod,130222.0,297192.0,SMALL BUSINESS ADMINISTRATION,2025-06-19,,,,,,,
140,2/26/2025,"BALTIMORE, MD",3090.0,Termination via Mass Mod,77572.0,219115.0,FOOD AND DRUG ADMINISTRATION,2025-06-19,,,,,,,
141,2/26/2025,"MT LAUREL, NJ",7111.0,Termination via Mass Mod,145162.0,387365.0,RURAL HOUSING SERVICE,2025-06-19,,,,,,,
142,2/26/2025,"LAWRENCEVILLE, NJ",3420.0,Termination via Mass Mod,87934.0,293434.0,"EMPLOYMENT STANDARDS ADMINISTRATION, WAGE AND HOUR DIVI",2025-06-19,,,,,,,
143,2/26/2025,"ROBBINSVILLE, NJ",28930.0,Termination via Mass Mod,488641.0,1751076.0,FOOD AND NUTRITION SERVICE (FNS),2025-06-19,,,,,,,
144,2/26/2025,"PHILADELPHIA, PA",3492.0,Termination via Mass Mod,87941.0,89146.0,INTERNATIONAL TRADE ADMINISTRATION,2025-06-19,,,,,,,
145,2/26/2025,"PHILADELPHIA, PA",4962.0,Termination via Mass Mod,146265.0,124626.0,BUREAU OF PRISONS,2025-06-19,,,,,,,
146,2/26/2025,"KING OF PRUSSIA, PA",3173.0,Termination via Mass Mod,58794.0,137401.0,OFFICE OF THE INSPECTOR GENERAL,2025-06-19,,,,,,,
147,2/26/2025,"MOUNT PLEASANT, PA",12964.0,Termination via Mass Mod,237785.0,800001.0,MINE SAFETY HEALTH ADMINISTRATION,2025-06-19,,,,,,,
148,2/26/2025,"CHARLESTON, WV",3122.0,Termination via Mass Mod,49282.0,120707.0,OFFICE OF THE SECRETARY,2025-06-19,,,,,,,
149,2/26/2025,"MARTINSBURG, WV",525.0,Termination via Mass Mod,12066.0,48295.0,"EMPLOY. AND TRAIN. ADMIN., BUR. OF APPRENTICESHIP AND T",2025-06-19,,,,,,,
150,2/26/2025,"MONTGOMERY, AL",2662.0,Termination via Mass Mod,59444.0,158626.0,FEDERAL MOTOR CARRIER SAFETY ADMINISTRATION,2025-06-19,,,,,,,
151,2/26/2025,"PLANTATION, FL",14691.0,Termination via Mass Mod,414703.0,699883.0,FOOD AND DRUG ADMINISTRATION,2025-06-19,,,,,,,
152,2/26/2025,"TALLAHASSEE, FL",1440.0,Termination via Mass Mod,39692.0,291438.0,FOOD AND DRUG ADMINISTRATION,2025-06-19,,,,,,,
153,2/26/2025,"PENSACOLA, FL",690.0,Termination via Mass Mod,18036.0,56629.0,"EMPLOYMENT STANDARDS ADMINISTRATION, WAGE AND HOUR DIVI",2025-06-19,,,,,,,
154,2/26/2025,"SAVANNAH, GA",1848.0,Termination via Mass Mod,39214.0,163519.0,"EMPLOYMENT STANDARDS ADMINISTRATION, WAGE AND HOUR DIVI",2025-06-19,,,,,,,
155,2/26/2025,"ATLANTA, GA",3354.0,Termination via Mass Mod,77081.0,162820.0,OFFICE OF THE SECRETARY,2025-06-19,,,,,,,
156,2/26/2025,"LOUISVILLE, KY",2184.0,Termination via Mass Mod,38239.0,112831.0,OFFICE OF THE SECRETARY,2025-06-19,,,,,,,
157,2/26/2025,"GREENSBORO, NC",1579.0,Termination via Mass Mod,24985.0,16634.0,HHS FDA,2025-06-19,,,,,,,
158,2/26/2025,"GALLATIN, TN",6017.0,Termination via Mass Mod,119016.0,486499.0,NATURAL RESOURCES CONSERVATION SERVICE,2025-06-19,,,,,,,
159,2/26/2025,"SPRINGFIELD, IL",2128.0,Termination via Mass Mod,42315.0,149087.0,"EMPLOYMENT STANDARDS ADMINISTRATION, WAGE AND HOUR DIVI",2025-06-19,,,,,,,
160,2/26/2025,"LISLE, IL",1520.0,Termination via Mass Mod,41586.0,48649.0,"FED ACQUISITION SRVC, REG 05 FLEET MGMT FACILITIES",2025-06-19,,,,,,,
161,2/26/2025,"GRAND RAPIDS, MI",2145.0,Termination via Mass Mod,51742.0,205551.0,DEPARTMENTAL MANAGEMENT (IG),2025-06-19,,,,,,,
162,2/26/2025,"DETROIT, MI",856.0,Termination via Mass Mod,17120.0,72842.0,AGRICULTURAL MARKETING SERVICE,2025-06-19,,,,,,,
163,2/26/2025,"MINNEAPOLIS, MN",3499.0,Termination via Mass Mod,102390.0,51055.0,"EMPLOYMENT STANDARDS ADMINISTRATION, WAGE AND HOUR DIVI",2025-06-19,,,,,,,
164,2/26/2025,"MINNEAPOLIS, MN",4256.0,Termination via Mass Mod,136192.0,67909.0,"EMPLOY. STANDARDS ADMIN., OFC OF CONTRACT COMPLIANCE PR",2025-06-19,,,,,,,
165,2/26/2025,"CLEVELAND, OH",2287.0,Termination via Mass Mod,70988.0,233580.0,DEPARTMENTAL MANAGEMENT (IG),2025-06-19,,,,,,,
166,2/26/2025,"CINCINNATI, OH",2247.0,Termination via Mass Mod,49014.0,32631.0,SMALL BUSINESS ADMINISTRATION,2025-06-19,,,,,,,
167,2/26/2025,"COLUMBUS, OH",6721.0,Termination via Mass Mod,114278.0,495935.0,SMALL BUSINESS ADMINISTRATION,2025-06-19,,,,,,,
168,2/26/2025,"MADISON, WI",2975.0,Termination via Mass Mod,121221.0,272995.0,FOOD AND DRUG ADMINISTRATION,2025-06-19,,,,,,,
169,2/26/2025,"STEVENS POINT, WI",15843.0,Termination via Mass Mod,448204.0,896408.0,RURAL HOUSING SERVICE,2025-06-19,,,,,,,
170,2/26/2025,"MADISON, WI",1486.0,Termination via Mass Mod,37494.0,144941.0,DEPARTMENTAL MANAGEMENT (IG),2025-06-19,,,,,,,
171,2/26/2025,"WAUWATOSA, WI",6757.0,Termination via Mass Mod,187375.0,513869.0,FOOD AND DRUG ADMINISTRATION,2025-06-19,,,,,,,
172,2/26/2025,"MADISON, WI",6254.0,Termination via Mass Mod,204103.0,408205.0,FEDERAL HIGHWAY ADMINISTRATION,2025-06-19,,,,,,,
173,2/26/2025,"MADISON, WI",2477.0,Termination via Mass Mod,50150.0,141656.0,FEDERAL MOTOR CARRIER SAFETY ADMINISTRATION,2025-06-19,,,,,,,
174,2/26/2025,"TOPEKA, KS",10020.0,Termination via Mass Mod,230522.0,153470.0,RURAL HOUSING SERVICE,2025-06-19,,,,,,,
175,2/26/2025,"KANSAS CITY, MO",1995.0,Termination via Mass Mod,41260.0,87380.0,INTERNATIONAL TRADE ADMINISTRATION,2025-06-19,,,,,,,
176,2/26/2025,"KANSAS CITY, MO",11465.0,Termination via Mass Mod,267450.0,758387.0,OFFICE OF THE SECRETARY,2025-06-19,,,,,,,
177,2/26/2025,"KANSAS CITY, MO",9549.0,Termination via Mass Mod,203156.0,414660.0,SMALL BUSINESS ADMINISTRATION,2025-06-19,,,,,,,
178,2/26/2025,"LITTLE ROCK, AR",17878.0,Termination via Mass Mod,316603.0,1161456.0,SMALL BUSINESS ADMINISTRATION,2025-06-19,,,,,,,
179,2/26/2025,"OKLAHOMA CITY, OK",1182.0,Termination via Mass Mod,22990.0,95865.0,INTERNATIONAL TRADE ADMINISTRATION,2025-06-19,,,,,,,
180,2/26/2025,"LONGVIEW, TX",2400.0,Termination via Mass Mod,63624.0,219112.0,MINE SAFETY HEALTH ADMINISTRATION,2025-06-19,,,,,,,
181,2/26/2025,"COLORADO SPRINGS, CO",875.0,Termination via Mass Mod,29227.0,7367.0,"EMPLOYMENT STANDARDS ADMINISTRATION, WAGE AND HOUR DIVI",2025-06-19,,,,,,,
182,2/26/2025,"LAKEWOOD, CO",21015.0,Termination via Mass Mod,448920.0,980245.0,"CORPS OF ENGINEERS, CIVIL",2025-06-19,,,,,,,
183,2/26/2025,"DENVER, CO",86809.0,Termination via Mass Mod,2905174.0,9455746.0,OFFICE OF THE SECRETARY,2025-06-19,,,,,,,
184,2/26/2025,"DENVER, CO",3885.0,Termination via Mass Mod,161893.0,344190.0,INTERNATIONAL TRADE ADMINISTRATION,2025-06-19,,,,,,,
185,2/26/2025,"BOUNTIFUL, UT",2961.0,Termination via Mass Mod,50160.0,137974.0,"CORPS OF ENGINEERS, CIVIL",2025-06-19,,,,,,,
186,2/26/2025,"CHEYENNE, WY",2311.0,Termination via Mass Mod,45187.0,53357.0,FEDERAL MOTOR CARRIER SAFETY ADMINISTRATION,2025-06-19,,,,,,,
187,2/26/2025,"TUCSON, AZ",7335.0,Termination via Mass Mod,287894.0,327331.0,BUREAU OF THE CENSUS,2025-06-19,,,,,,,
188,2/26/2025,"PHOENIX, AZ",36750.0,Termination via Mass Mod,1194475.0,3586697.0,BUR OF INDUSTRY & SECURITY,2025-06-19,,,,,,,
189,2/26/2025,"EUREKA, CA",823.0,Termination via Mass Mod,19793.0,66483.0,NATIONAL OCEANIC ATMOSPHERIC ADMINISTRATION,2025-06-19,,,,,,,
190,2/26/2025,"MOUNT SHASTA, CA",536.0,Termination via Mass Mod,12000.0,52997.0,FOREST SERVICE,2025-06-19,,,,,,,
191,2/26/2025,"SAN JOSE, CA",4859.0,Termination via Mass Mod,222339.0,128530.0,FOOD AND DRUG ADMINISTRATION,2025-06-19,,,,,,,
192,2/26/2025,"SAN CLEMENTE, CA",21450.0,Termination via Mass Mod,704094.0,995377.0,FOOD AND DRUG ADMINISTRATION,2025-06-19,,,,,,,
193,2/26/2025,"SAN DIEGO, CA",3328.0,Termination via Mass Mod,90904.0,77206.0,INTERNATIONAL TRADE ADMINISTRATION,2025-06-19,,,,,,,
194,2/26/2025,"ANCHORAGE, AK",4031.0,Termination via Mass Mod,179985.0,89746.0,SMALL BUSINESS ADMINISTRATION,2025-06-19,,,,,,,
195,2/26/2025,"BOISE, ID",5156.0,Termination via Mass Mod,111448.0,28091.0,NATIONAL OCEANIC ATMOSPHERIC ADMINISTRATION,2025-06-19,,,,,,,
196,2/26/2025,"OLYMPIA, WA",2069.0,Termination via Mass Mod,60270.0,145639.0,FEDERAL MOTOR CARRIER SAFETY ADMINISTRATION,2025-06-19,,,,,,,
197,2/26/2025,"TACOMA, WA",842.0,Termination via Mass Mod,21345.0,40702.0,"EMPLOYMENT STANDARDS ADMINISTRATION, WAGE AND HOUR DIVI",2025-06-19,,,,,,,
198,2/26/2025,"RICHLAND, WA",979.0,Termination via Mass Mod,19539.0,55085.0,"EMPLOY. STANDARDS ADMIN., OFC OF WORKERS' COMP. PRGMS",2025-06-19,,,,,,,
199,2/26/2025,"RENTON, WA",1451.0,Termination via Mass Mod,47625.0,166753.0,NATURAL RESOURCES CONSERVATION SERVICE,2025-06-19,,,,,,,
200,2/26/2025,"SEATTLE, WA",12867.0,Termination via Mass Mod,420795.0,0.0,SMALL BUSINESS ADMINISTRATION,2025-06-19,,,,,,,
201,2/25/2025,"MIDDLETOWN, CT",2730.0,Termination via Mass Mod,102849.0,454792.0,INTERNATIONAL TRADE ADMINISTRATION,2025-06-19,,,,,,,
202,2/25/2025,"NORTHBOROUGH, MA",20893.0,Termination via Mass Mod,358733.0,1518472.0,GEOLOGICAL SURVEY,2025-06-19,,,,,,,
203,2/25/2025,"BOYLSTON, MA",2360.0,Termination via Mass Mod,56349.0,101119.0,FOOD AND DRUG ADMINISTRATION,2025-06-19,,,,,,,
204,2/25/2025,"FALMOUTH, ME",2999.0,Termination via Mass Mod,71369.0,254583.0,UNITED STATES FISH AND WILDLIFE SERVICE,2025-06-19,,,,,,,
205,2/25/2025,"SUNCOOK, PEMBROKE, NH",12560.0,Termination via Mass Mod,242102.0,685846.0,GEOLOGICAL SURVEY,2025-06-19,,,,,,,
206,2/25/2025,"MANCHESTER, NH",3201.0,Termination via Mass Mod,98552.0,231664.0,"EMPLOYMENT STANDARDS ADMINISTRATION, WAGE AND HOUR DIVI",2025-06-19,,,,,,,
207,2/25/2025,"PORTSMOUTH, NH",1099.0,Termination via Mass Mod,31432.0,48311.0,INTERNATIONAL TRADE ADMINISTRATION,2025-06-19,,,,,,,
208,2/25/2025,"WARWICK, RI",4215.0,Termination via Mass Mod,108049.0,279152.0,FOOD AND DRUG ADMINISTRATION,2025-06-19,,,,,,,
209,2/25/2025,"EAST PROVIDENCE, RI",2400.0,Termination via Mass Mod,59161.0,212006.0,FOOD AND DRUG ADMINISTRATION,2025-06-19,,,,,,,
210,2/25/2025,"BURLINGTON, VT",2343.0,Termination via Mass Mod,71954.0,77079.0,DEPARTMENT OF HOUSING AND URBAN DEVELOPMENT,2025-06-19,,,,,,,
211,2/25/2025,"MOUNTAINSIDE, NJ",4876.0,Termination via Mass Mod,128580.0,21489.0,BUREAU OF LABOR STATISTICS,2025-06-19,,,,,,,
212,2/25/2025,"BUFFALO, NY",2168.0,Termination via Mass Mod,65379.0,101383.0,"EMPLOY. STANDARDS ADMIN., OFC OF WORKERS' COMP. PRGMS",2025-06-19,,,,,,,
213,2/25/2025,"FOREST HILLS, NY",5070.0,Termination via Mass Mod,308437.0,598284.0,"EMPLOYMENT STANDARDS ADMINISTRATION, WAGE AND HOUR DIVI",2025-06-19,,,,,,,
214,2/25/2025,"GUAYNABO, PR",9462.0,Termination via Mass Mod,395988.0,863580.0,INTERNAL REVENUE SERVICE NATIONAL OFFICE,2025-06-19,,,,,,,
215,2/25/2025,"SAN JUAN, PR",4951.0,Termination via Mass Mod,200235.0,216693.0,FEDERAL HIGHWAY ADMINISTRATION,2025-06-19,,,,,,,
216,2/25/2025,"UTUADO, PR",5750.0,Termination via Mass Mod,155653.0,58423.0,FARM SERVICE AGENCY - COUNTY,2025-06-19,,,,,,,
217,2/25/2025,"MAYAGUEZ, PR",2678.0,Termination via Mass Mod,64524.0,116144.0,FARM SERVICE AGENCY- STATE,2025-06-19,,,,,,,
218,2/25/2025,"ARECIBO, PR",4360.0,Termination via Mass Mod,178801.0,457044.0,NATURAL RESOURCES CONSERVATION SERVICE,2025-06-19,,,,,,,
219,2/25/2025,"MAYAGUEZ, PR",2991.0,Termination via Mass Mod,105463.0,88993.0,RURAL HOUSING SERVICE,2025-06-19,,,,,,,
220,2/25/2025,"DOVER, DE",5724.0,Termination via Mass Mod,112332.0,156034.0,GEOLOGICAL SURVEY,2025-06-19,,,,,,,
221,2/25/2025,"BALTIMORE, MD",9139.0,Termination via Mass Mod,254174.0,603751.0,"EMPLOYMENT STANDARDS ADMINISTRATION, WAGE AND HOUR DIVI",2025-06-19,,,,,,,
222,2/25/2025,"EWING TOWNSHIP, NJ",7646.0,Termination via Mass Mod,216234.0,418843.0,FEDERAL HIGHWAY ADMINISTRATION,2025-06-19,,,,,,,
223,2/25/2025,"DOWNINGTOWN, PA",5452.0,Termination via Mass Mod,102968.0,231608.0,GEOLOGICAL SURVEY,2025-06-19,,,,,,,
224,2/25/2025,"WILLIAMSPORT, PA",4839.0,Termination via Mass Mod,67391.0,141244.0,GEOLOGICAL SURVEY,2025-06-19,,,,,,,
225,2/25/2025,"PHILADELPHIA, PA",42995.0,Termination via Mass Mod,1115051.0,1206699.0,DEPARTMENT OF EDUCATION,2025-06-19,,,,,,,
226,2/25/2025,"NEW CUMBERLAND, PA",30279.0,Termination via Mass Mod,785961.0,488803.0,GEOLOGICAL SURVEY,2025-06-19,,,,,,,
227,2/25/2025,"RICHMOND, VA",2986.0,Termination via Mass Mod,45955.0,91909.0,ANIMAL AND PLANT HEALTH INSPECTION SERVICE,2025-06-19,,,,,,,
228,2/25/2025,"MARTINSBURG, WV",2230.0,Termination via Mass Mod,62811.0,65220.0,NATIONAL PARK SERVICE,2025-06-19,,,,,,,
229,2/25/2025,"MOBILE, AL",2200.0,Termination via Mass Mod,62676.0,108696.0,"EMPLOYMENT STANDARDS ADMINISTRATION, WAGE AND HOUR DIVI",2025-06-19,,,,,,,
230,2/25/2025,"DAPHNE, AL",7087.0,Termination via Mass Mod,149655.0,313660.0,UNITED STATES FISH AND WILDLIFE SERVICE,2025-06-19,,,,,,,
231,2/25/2025,"NAPLES, FL",4862.0,Termination via Mass Mod,115035.0,230070.0,NATIONAL PARK SERVICE,2025-06-19,,,,,,,
232,2/25/2025,"HAINES CITY, FL",5139.0,Termination via Mass Mod,102400.0,78553.0,ANIMAL AND PLANT HEALTH INSPECTION SERVICE,2025-06-19,,,,,,,
233,2/25/2025,"MIAMI, FL",35927.0,Termination via Mass Mod,1483967.0,5439856.0,U.S. AGNY FOR GL MED,2025-06-19,,,,,,,
234,2/25/2025,"KEY LARGO, FL",7993.0,Termination via Mass Mod,252011.0,1449237.0,NATIONAL OCEANIC ATMOSPHERIC ADMINISTRATION,2025-06-19,,,,,,,
235,2/25/2025,"OCALA, FL",5591.0,Termination via Mass Mod,120502.0,250907.0,RURAL HOUSING SERVICE,2025-06-19,,,,,,,
236,2/25/2025,"HOLLYWOOD, FL",3000.0,Termination via Mass Mod,79365.0,79365.0,BUREAU OF INDIAN AFFAIRS,2025-06-19,,,,,,,
237,2/25/2025,"FORT WALTON BEACH, FL",15264.0,Termination via Mass Mod,430699.0,1063177.0,BUREAU OF LABOR STATISTICS,2025-06-19,,,,,,,
238,2/25/2025,"DULUTH, GA",8574.0,Termination via Mass Mod,184341.0,568679.0,FEDERAL ENERGY REGULATORY COMMISSION,2025-06-19,,,,,,,
239,2/25/2025,"GRIFFIN, GA",3772.0,Termination via Mass Mod,30810.0,2532.0,NATURAL RESOURCES CONSERVATION SERVICE,2025-06-19,,,,,,,
240,2/25/2025,"ATLANTA, GA",27526.0,Termination via Mass Mod,634642.0,634642.0,SMALL BUSINESS ADMINISTRATION,2025-06-19,,,,,,,
241,2/25/2025,"ATLANTA, GA",35330.0,Termination via Mass Mod,738352.0,738352.0,UNITED STATES FISH AND WILDLIFE SERVICE,2025-06-19,,,,,,,
242,2/25/2025,"LEXINGTON-FAYETTE, KY",9600.0,Termination via Mass Mod,176031.0,557994.0,OFFICE OF SURFACE MINING AND REGULATION ENFORCEMENT,2025-06-19,,,,,,,
243,2/25/2025,"BEAVER DAM, KY",2814.0,Termination via Mass Mod,65454.0,172690.0,MINE SAFETY HEALTH ADMINISTRATION,2025-06-19,,,,,,,
244,2/25/2025,"PRESTONSBURG, KY",7378.0,Termination via Mass Mod,143326.0,454324.0,MINE SAFETY HEALTH ADMINISTRATION,2025-06-19,,,,,,,
245,2/25/2025,"JACKSON, MS",14840.0,Termination via Mass Mod,284889.0,1211365.0,UNITED STATES FISH AND WILDLIFE SERVICE,2025-06-19,,,,,,,
246,2/25/2025,"JACKSON, MS",3043.0,Termination via Mass Mod,64704.0,236303.0,OFFICE OF THE INSPECTOR GENERAL,2025-06-19,,,,,,,
247,2/25/2025,"GULFPORT, MS",8608.0,Termination via Mass Mod,200308.0,83965.0,ENVIRONMENTAL PROTECTION AGENCY,2025-06-19,,,,,,,
248,2/25/2025,"GREENWOOD, MS",7500.0,Termination via Mass Mod,123000.0,287449.0,NATURAL RESOURCES CONSERVATION SERVICE,2025-06-19,,,,,,,
249,2/25/2025,"RALEIGH, NC",10397.0,Termination via Mass Mod,306333.0,612666.0,EQUAL EMPLOYMENT OPPORTUNITY COMMISSION,2025-06-19,,,,,,,
250,2/25/2025,"CHARLOTTE, NC",5316.0,Termination via Mass Mod,104520.0,0.0,GEOLOGICAL SURVEY,2025-06-19,,,,,,,
251,2/25/2025,"GREENVILLE, SC",4989.0,Termination via Mass Mod,128616.0,380916.0,EQUAL EMPLOYMENT OPPORTUNITY COMMISSION,2025-06-19,,,,,,,
252,2/25/2025,"NASHVILLE, TN",14004.0,Termination via Mass Mod,388552.0,777105.0,FOOD AND DRUG ADMINISTRATION,2025-06-19,,,,,,,
253,2/25/2025,"MEMPHIS, TN",12305.0,Termination via Mass Mod,323607.0,701297.0,FOOD AND DRUG ADMINISTRATION,2025-06-19,,,,,,,
254,2/25/2025,"NASHVILLE, TN",4133.0,True Termination- Agency Closed Office,142577.0,0.0,SOCIAL SECURITY ADMINISTRATION,2025-06-19,,,,,,,
255,2/25/2025,"PEORIA, IL",1155.0,Termination via Mass Mod,19026.0,33256.0,FOOD AND DRUG ADMINISTRATION,2025-06-19,,,,,,,
256,2/25/2025,"CHICAGO, IL",13531.0,Termination via Mass Mod,471820.0,943641.0,FEDERAL TRANSIT ADMINISTRATION,2025-06-19,,,,,,,
257,2/25/2025,"SPRINGFIELD, IL",3253.0,Termination via Mass Mod,63848.0,53003.0,DEPARTMENTAL MANAGEMENT (IG),2025-06-19,,,,,,,
258,2/25/2025,"SPRINGFIELD, IL",2022.0,Termination via Mass Mod,34756.0,41231.0,SMALL BUSINESS ADMINISTRATION,2025-06-19,,,,,,,
259,2/25/2025,"FISHERS, IN",2850.0,Termination via Mass Mod,53750.0,22531.0,OFFICE OF THE SECRETARY,2025-06-19,,,,,,,
260,2/25/2025,"SOUTH BEND, IN",1734.0,Termination via Mass Mod,29044.0,14403.0,FOOD AND DRUG ADMINISTRATION,2025-06-19,,,,,,,
261,2/25/2025,"GRIFFITH, IN",3170.0,Termination via Mass Mod,85467.0,370670.0,"CORPS OF ENGINEERS, CIVIL",2025-06-19,,,,,,,
262,2/25/2025,"SOUTH ST PAUL, MN",2489.0,Termination via Mass Mod,48727.0,35644.0,ANIMAL AND PLANT HEALTH INSPECTION SERVICE,2025-06-19,,,,,,,
263,2/25/2025,"CRANE LAKE, MN",2512.0,Termination via Mass Mod,44476.0,85175.0,NATIONAL PARK SERVICE,2025-06-19,,,,,,,
264,2/25/2025,"GAHANNA, OH",5292.0,Termination via Mass Mod,107200.0,339811.0,UNITED STATES FISH AND WILDLIFE SERVICE,2025-06-19,,,,,,,
265,2/25/2025,"CLEVELAND, OH",18996.0,Termination via Mass Mod,397983.0,16355.0,INTERNAL REVENUE SERVICE NATIONAL OFFICE,2025-06-19,,,,,,,
266,2/25/2025,"MANSFIELD, OH",3738.0,Termination via Mass Mod,46239.0,3800.0,INTERNAL REVENUE SERVICE NATIONAL OFFICE,2025-06-19,,,,,,,
267,2/25/2025,"CINCINNATI, OH",4449.0,Termination via Mass Mod,103232.0,146505.0,OFFICE OF LABOR MANAGEMENT STANDARDS,2025-06-19,,,,,,,
268,2/25/2025,"CLEVELAND, OH",9340.0,Termination via Mass Mod,207729.0,103011.0,FEDERAL TRADE COMMISSION,2025-06-19,,,,,,,
269,2/25/2025,"COLUMBUS, OH",20338.0,Termination via Mass Mod,261812.0,1615345.0,GEOLOGICAL SURVEY,2025-06-19,,,,,,,
270,2/25/2025,"NEW PHILADELPHIA, OH",2765.0,Termination via Mass Mod,52596.0,62395.0,GEOLOGICAL SURVEY,2025-06-19,,,,,,,
271,2/25/2025,"AMES, IA",10056.0,Termination via Mass Mod,216276.0,847327.0,FEDERAL HIGHWAY ADMINISTRATION,2025-06-19,,,,,,,
272,2/25/2025,"TOPEKA, KS",6572.0,Termination via Mass Mod,134940.0,12570.0,FEDERAL HIGHWAY ADMINISTRATION,2025-06-19,,,,,,,
273,2/25/2025,"KANSAS CITY, KS",14046.0,Termination via Mass Mod,278861.0,560778.0,EQUAL EMPLOYMENT OPPORTUNITY COMMISSION,2025-06-19,,,,,,,
274,2/25/2025,"MANHATTAN, KS",6932.0,Termination via Mass Mod,142168.0,84132.0,UNITED STATES FISH AND WILDLIFE SERVICE,2025-06-19,,,,,,,
275,2/25/2025,"KANSAS CITY, KS",69437.0,Termination via Mass Mod,1463756.0,2189619.0,OFFICE OF THE SECRETARY,2025-06-19,,,,,,,
276,2/25/2025,"WICHITA, KS",1700.0,Termination via Mass Mod,47273.0,76543.0,FOOD AND DRUG ADMINISTRATION,2025-06-19,,,,,,,
277,2/25/2025,"GLADSTONE, MO",1378.0,Termination via Mass Mod,28600.0,64330.0,ANIMAL AND PLANT HEALTH INSPECTION SERVICE,2025-06-19,,,,,,,
278,2/25/2025,"COLUMBIA, MO",15011.0,Termination via Mass Mod,265088.0,854819.0,UNITED STATES FISH AND WILDLIFE SERVICE,2025-06-19,,,,,,,
279,2/25/2025,"JEFFERSON CITY, MO",6440.0,Termination via Mass Mod,83833.0,29858.0,FEDERAL HIGHWAY ADMINISTRATION,2025-06-19,,,,,,,
280,2/25/2025,"CONWAY, AR",5171.0,Termination via Mass Mod,106150.0,258540.0,NATURAL RESOURCES CONSERVATION SERVICE,2025-06-19,,,,,,,
281,2/25/2025,"NEW ORLEANS, LA",970.0,Termination via Mass Mod,17460.0,21813.0,BUREAU OF MINERALS MANAGEMENT SERVICE,2025-06-19,,,,,,,
282,2/25/2025,"RATON, NM",2166.0,Termination via Mass Mod,32212.0,2648.0,NATURAL RESOURCES CONSERVATION SERVICE,2025-06-19,,,,,,,
283,2/25/2025,"ZUNI, NM",2117.0,Termination via Mass Mod,40252.0,20071.0,BUREAU OF INDIAN AFFAIRS,2025-06-19,,,,,,,
284,2/25/2025,"GALLUP, NM",2499.0,Termination via Mass Mod,61124.0,416316.0,NATURAL RESOURCES CONSERVATION SERVICE,2025-06-19,,,,,,,
285,2/25/2025,"WATONGA, OK",2850.0,Termination via Mass Mod,38973.0,64812.0,BUREAU OF INDIAN AFFAIRS,2025-06-19,,,,,,,
286,2/25/2025,"SEMINOLE, OK",9825.0,Termination via Mass Mod,184770.0,199957.0,BUREAU OF INDIAN AFFAIRS,2025-06-19,,,,,,,
287,2/25/2025,"PAWNEE, OK",7549.0,Termination via Mass Mod,156171.0,169007.0,BUREAU OF INDIAN AFFAIRS,2025-06-19,,,,,,,
288,2/25/2025,"SAN ANTONIO, TX",2149.0,Termination via Mass Mod,49427.0,359937.0,DEPARTMENTAL MANAGEMENT (IG),2025-06-19,,,,,,,
289,2/25/2025,"LONGVIEW, TX",320.0,Termination via Mass Mod,5101.0,11473.0,"EMPLOYMENT STANDARDS ADMINISTRATION, WAGE AND HOUR DIVI",2025-06-19,,,,,,,
290,2/25/2025,"IRVING, TX",5788.0,Termination via Mass Mod,110632.0,402517.0,FOOD AND DRUG ADMINISTRATION,2025-06-19,,,,,,,
291,2/25/2025,"SAN ANTONIO, TX",14478.0,Termination via Mass Mod,284992.0,903384.0,NATIONAL PARK SERVICE,2025-06-19,,,,,,,
292,2/25/2025,"SAN ANGELO, TX",7510.0,Termination via Mass Mod,122531.0,203436.0,GEOLOGICAL SURVEY,2025-06-19,,,,,,,
293,2/25/2025,"SAN ANTONIO, TX",20950.0,Termination via Mass Mod,463053.0,2277206.0,GEOLOGICAL SURVEY,2025-06-19,,,,,,,
294,2/25/2025,"DALLAS, TX",15255.0,Termination via Mass Mod,423186.0,0.0,FEDERAL TRADE COMMISSION,2025-06-19,,,,,,,
295,2/25/2025,"EL PASO, TX",7973.0,Termination via Mass Mod,154936.0,306476.0,EQUAL EMPLOYMENT OPPORTUNITY COMMISSION,2025-06-19,,,,,,,
296,2/25/2025,"SAN ANTONIO, TX",4775.0,Termination via Mass Mod,116130.0,19408.0,OFFICE OF PERSONNEL MANAGEMENT,2025-06-19,,,,,,,
297,2/25/2025,"SAN ANTONIO, TX",5036.0,Termination via Mass Mod,129035.0,162973.0,"EMPLOYMENT STANDARDS ADMINISTRATION, WAGE AND HOUR DIVI",2025-06-19,,,,,,,
298,2/25/2025,"BEAUMONT, TX",2404.0,Termination via Mass Mod,49665.0,17689.0,MARITIME ADMINISTRATION,2025-06-19,,,,,,,
299,2/25/2025,"DURANGO, CO",1245.0,Termination via Mass Mod,35074.0,39206.0,"CORPS OF ENGINEERS, CIVIL",2025-06-19,,,,,,,
300,2/25/2025,"BOULDER, CO",29170.0,Termination via Mass Mod,913334.0,75069.0,GEOLOGICAL SURVEY,2025-06-19,,,,,,,
301,2/25/2025,"FARGO, ND",8834.0,True Termination- Agency Closed Office,206300.0,896416.0,NATURAL RESOURCES CONSERVATION SERVICE,2025-06-19,,,,,,,
302,2/25/2025,"BISMARCK, ND",21372.0,Termination via Mass Mod,429112.0,377384.0,UNITED STATES FISH AND WILDLIFE SERVICE,2025-06-19,,,,,,,
303,2/25/2025,"FORT THOMPSON, SD",4870.0,Termination via Mass Mod,58976.0,139764.0,BUREAU OF INDIAN AFFAIRS,2025-06-19,,,,,,,
304,2/25/2025,"SISSETON, SD",4911.0,Termination via Mass Mod,180008.0,14795.0,BUREAU OF INDIAN AFFAIRS,2025-06-19,,,,,,,
305,2/25/2025,"SIOUX FALLS, SD",3810.0,Termination via Mass Mod,87563.0,323624.0,SMALL BUSINESS ADMINISTRATION,2025-06-19,,,,,,,
306,2/25/2025,"CHEYENNE, WY",9521.0,Termination via Mass Mod,183415.0,1054760.0,GEOLOGICAL SURVEY,2025-06-19,,,,,,,
307,2/25/2025,"TEMPE, AZ",4176.0,Termination via Mass Mod,151150.0,1423706.0,FOOD AND DRUG ADMINISTRATION,2025-06-19,,,,,,,
308,2/25/2025,"PHOENIX, AZ",71591.0,Termination via Mass Mod,1784239.0,7293384.0,BUREAU OF INDIAN AFFAIRS,2025-06-19,,,,,,,
309,2/25/2025,"NOGALES, AZ",2506.0,Termination via Mass Mod,68994.0,114738.0,FEDERAL MOTOR CARRIER SAFETY ADMINISTRATION,2025-06-19,,,,,,,
310,2/25/2025,"TUCSON, AZ",4791.0,Termination via Mass Mod,126942.0,708786.0,UNITED STATES FISH AND WILDLIFE SERVICE,2025-06-19,,,,,,,
311,2/25/2025,"PHOENIX, AZ",22915.0,Termination via Mass Mod,562209.0,1336979.0,EQUAL EMPLOYMENT OPPORTUNITY COMMISSION,2025-06-19,,,,,,,
312,2/25/2025,"APPLE VALLEY, CA",3755.0,Termination via Mass Mod,78724.0,328269.0,"CORPS OF ENGINEERS, CIVIL",2025-06-19,,,,,,,
313,2/25/2025,"TEMECULA, CA",3531.0,Termination via Mass Mod,111187.0,315284.0,BUREAU OF RECLAMATION,2025-06-19,,,,,,,
314,2/25/2025,"WOODLAND, CA",5240.0,Termination via Mass Mod,117085.0,146276.0,NATURAL RESOURCES CONSERVATION SERVICE,2025-06-19,,,,,,,
315,2/25/2025,"MONTEREY PARK, CA",6917.0,Termination via Mass Mod,193399.0,361895.0,DEPARTMENTAL MANAGEMENT (IG),2025-06-19,,,,,,,
316,2/25/2025,"ONTARIO, CA",8559.0,Termination via Mass Mod,255184.0,430667.0,PIPELINE & HAZARDOUS MATERIALS SAFETY ADMIN (PHMSA),2025-06-19,,,,,,,
317,2/25/2025,"LOMPOC, CA",5400.0,Termination via Mass Mod,127062.0,223142.0,FAS REG 09 MAINTENANCE CONTROL CENTER,2025-06-19,,,,,,,
318,2/25/2025,"LOS ANGELES, CA",7100.0,Termination via Mass Mod,313985.0,552270.0,FEDERAL HIGHWAY ADMINISTRATION,2025-06-19,,,,,,,
319,2/25/2025,"CAMARILLO, CA",27345.0,Termination via Mass Mod,868837.0,3532477.0,BUREAU OF MINERALS MANAGEMENT SERVICE,2025-06-19,,,,,,,
320,2/25/2025,"MADERA, CA",3858.0,Termination via Mass Mod,115740.0,96080.0,FARM SERVICE AGENCY- STATE,2025-06-19,,,,,,,
321,2/25/2025,"WEAVERVILLE, CA",4980.0,Termination via Mass Mod,182784.0,501.0,BUREAU OF RECLAMATION,2025-06-19,,,,,,,
322,2/25/2025,"ORANGE, CA",2082.0,Termination via Mass Mod,82733.0,287637.0,"EMPLOY. STANDARDS ADMIN., OFC OF CONTRACT COMPLIANCE PR",2025-06-19,,,,,,,
323,2/25/2025,"HILO, HI",4638.0,Termination via Mass Mod,164391.0,150429.0,NATIONAL OCEANIC ATMOSPHERIC ADMINISTRATION,2025-06-19,,,,,,,
324,2/25/2025,"ELKO, NV",4760.0,Termination via Mass Mod,134297.0,257924.0,BUREAU OF INDIAN AFFAIRS,2025-06-19,,,,,,,
325,2/25/2025,"WASILLA, AK",4200.0,Termination via Mass Mod,100700.0,565024.0,NATURAL RESOURCES CONSERVATION SERVICE,2025-06-19,,,,,,,
326,2/25/2025,"IDAHO FALLS, ID",13681.0,Termination via Mass Mod,69756.0,488672.0,NATIONAL OCEANIC ATMOSPHERIC ADMINISTRATION,2025-06-19,,,,,,,
327,2/25/2025,"BOISE, ID",5179.0,Termination via Mass Mod,111193.0,1025719.0,FEDERAL HIGHWAY ADMINISTRATION,2025-06-19,,,,,,,
328,2/25/2025,"SALEM, OR",6589.0,Termination via Mass Mod,158557.0,927450.0,FEDERAL HIGHWAY ADMINISTRATION,2025-06-19,,,,,,,
329,2/25/2025,"SALEM, OR",2200.0,Termination via Mass Mod,50786.0,285097.0,FEDERAL MOTOR CARRIER SAFETY ADMINISTRATION,2025-06-19,,,,,,,
330,2/25/2025,"BEND, OR",3386.0,Termination via Mass Mod,95358.0,734912.0,BUREAU OF RECLAMATION,2025-06-19,,,,,,,
331,2/25/2025,"CORVALLIS, OR",6849.0,Termination via Mass Mod,202142.0,1425515.0,GEOLOGICAL SURVEY,2025-06-19,,,,,,,
332,2/25/2025,"PORTLAND, OR",4987.0,Termination via Mass Mod,87362.0,135710.0,NATURAL RESOURCES CONSERVATION SERVICE,2025-06-19,,,,,,,
333,2/25/2025,"KLAMATH FALLS, OR",8913.0,Termination via Mass Mod,72848.0,0.0,GEOLOGICAL SURVEY,2025-06-19,,,,,,,
334,2/25/2025,"SPOKANE VALLEY, WA",13196.0,Termination via Mass Mod,260022.0,2210543.0,GEOLOGICAL SURVEY,2025-06-19,,,,,,,
335,2/25/2025,"PUYALLUP, WA",2930.0,Termination via Mass Mod,85745.0,307038.0,NATURAL RESOURCES CONSERVATION SERVICE,2025-06-19,,,,,,,
336,2/25/2025,"HYATTSVILLE, MD",76372.0,True Termination- Move to Federal Space,2568071.0,4390347.0,DEPT OF TREASURY-BUREAU OF THE FISCAL SERVICE,2025-06-19,,,,,,,
337,2/24/2025,"STAMFORD, CT",1380.0,Termination via Mass Mod,71191.0,308951.0,ENVIRONMENTAL PROTECTION AGENCY,2025-06-19,,,,,,,
338,2/24/2025,"NEW LONDON, CT",1303.0,Termination via Mass Mod,41732.0,104502.0,OFFICE OF ADMINISTRATIVE LAW JUDGES,2025-06-19,,,,,,,
339,2/24/2025,"SPRINGFIELD, MA",894.0,Termination via Mass Mod,20562.0,61742.0,SMALL BUSINESS ADMINISTRATION,2025-06-19,,,,,,,
340,2/24/2025,"LOWELL, MA",3900.0,GSA and NPS identified this as a termination project,44853.0,152377.0,NATIONAL PARK SERVICE,2025-06-19,,,,,,,
341,2/24/2025,"SUTTON, MA",1273.0,Termination via Mass Mod,33554.0,68672.0,ANIMAL AND PLANT HEALTH INSPECTION SERVICE,2025-06-19,,,,,,,
342,2/24/2025,"EVERETT, MA",2789.0,Termination via Mass Mod,122029.0,387151.0,AGRICULTURAL MARKETING SERVICE,2025-06-19,,,,,,,
343,2/24/2025,"LOWELL, MA",36752.0,True Termination- Move to Federal Space,1189592.0,0.0,INTERNAL REVENUE SERVICE NATIONAL OFFICE,2025-06-19,,,,,,,
344,2/24/2025,"SAN SEBASTIAN, PR",1810.0,Termination via Mass Mod,75610.0,56760.0,NATURAL RESOURCES CONSERVATION SERVICE,2025-06-19,,,,,,,
345,2/24/2025,"STATE COLLEGE, PA",443.0,Termination via Mass Mod,12232.0,45912.0,"EMPLOYMENT STANDARDS ADMINISTRATION, WAGE AND HOUR DIVI",2025-06-19,,,,,,,
346,2/24/2025,"HAMPTON, VA",911.0,Batch 1 Termination. Effective date of 6.30.25,17890.0,6911.0,NATIONAL OCEANIC ATMOSPHERIC ADMINISTRATION,2025-06-19,,,,,,,
347,2/24/2025,"SEFFNER, FL",1525.0,Termination via Mass Mod,21855.0,7365.0,NATIONAL OCEANIC ATMOSPHERIC ADMINISTRATION,2025-06-19,,,,,,,
348,2/24/2025,"HAZARD, KY",1652.0,True Termination- Agency Closed Office,38031.0,6147.0,SSA,2025-06-19,,,,,,,
349,2/24/2025,"LEXINGTON-FAYETTE, KY",1200.0,True Termination- Agency Closed Office,15143.0,15434.0,SMALL BUSINESS ADMINISTRATION,2025-06-19,,,,,,,
350,2/24/2025,"GREENSBORO, NC",30123.0,True Termination- Agency Closed Office,731294.0,2436313.0,NATURAL RESOURCES CONSERVATION SERVICE,2025-06-19,,,,,,,
351,2/24/2025,"RALEIGH, NC",5287.0,True Termination- Move to Federal Space,142636.0,0.0,BU ALC TOB FRMS XPL,2025-06-19,,,,,,,
352,2/24/2025,"WILMINGTON, NC",4349.0,True Termination- Agency Closed Office,53011.0,84963.0,CORPS ENGR CVL APPND,2025-06-19,,,,,,,
353,2/24/2025,"GREENSBORO, NC",648.0,True Termination- Agency Closed Office,10928.0,14641.0,SBA,2025-06-19,,,,,,,
354,2/24/2025,"AIKEN, SC",2250.0,True Termination- Agency Closed Office,43133.0,205027.0,SAVANNAH RIVER OPERATIONS OFFICE,2025-06-19,,,,,,,
355,2/24/2025,"CARMEL, IN",247.0,Termination via Mass Mod,4199.0,11907.0,FEDERAL ENERGY REGULATORY COMMISSION,2025-06-19,,,,,,,
356,2/24/2025,"DAVENPORT, IA",695.0,Termination via Mass Mod,12312.0,37442.0,FOOD AND DRUG ADMINISTRATION,2025-06-19,,,,,,,
357,2/24/2025,"JONESBORO, AR",2340.0,Agency approved lease termination,64998.0,197132.0,SOCIAL SECURITY ADMINISTRATION,2025-06-19,,,,,,,
358,2/24/2025,"TEXARKANA, AR",1436.0,Agency approved lease termination,25643.0,37797.0,SOCIAL SECURITY ADMINISTRATION,2025-06-19,,,,,,,
359,2/24/2025,"LITTLE ROCK, AR",3974.0,Agency approved lease termination,85875.0,0.0,USDA AMS,2025-06-19,,,,,,,
360,2/24/2025,"UVALDE, TX",920.0,Termination via Mass Mod,20070.0,58615.0,ANIMAL AND PLANT HEALTH INSPECTION SERVICE,2025-06-19,,,,,,,
361,2/24/2025,"HARLINGEN, TX",612.0,Termination via Mass Mod,8874.0,15559.0,"EMPLOYMENT STANDARDS ADMINISTRATION, WAGE AND HOUR DIVI",2025-06-19,,,,,,,
362,2/24/2025,"ABILENE, TX",1342.0,Agency approved of termination,26261.0,39859.0,SOCIAL SECURITY ADMINISTRATION,2025-06-19,,,,,,,
363,2/24/2025,"GRAND JUNCTION, CO",1444.0,True Termination- Agency Closed Office,25217.0,119868.0,UNITED STATES FISH AND WILDLIFE SERVICE,2025-06-19,,,,,,,
364,2/24/2025,"PABLO, MT",620.0,Termination via Mass Mod,10418.0,885.0,ID BUR INDIAN AFF,2025-06-19,,,,,,,
365,2/24/2025,"HELENA, MT",1810.0,True Termination- Agency Closed Office,39248.0,26129.0,FEDERAL MOTOR CARRIER SAFETY ADMINISTRATION,2025-06-19,,,,,,,
366,2/24/2025,"SIOUX FALLS, SD",2553.0,Termination via Mass Mod,67904.0,164272.0,OFFICE OF THE SECRETARY,2025-06-19,,,,,,,
367,2/24/2025,"SHOW LOW, AZ",460.0,Termination via Mass Mod,11013.0,6487.0,SMALL BUSINESS ADMINISTRATION,2025-06-19,,,,,,,
368,2/24/2025,"OXNARD, CA",1209.0,Termination via Mass Mod,53075.0,75323.0,NATURAL RESOURCES CONSERVATION SERVICE,2025-06-19,,,,,,,
369,2/24/2025,"BOISE, ID",44623.0,Termination via Mass Mod,1204491.0,5623156.0,ANIMAL AND PLANT HEALTH INSPECTION SERVICE,2025-06-19,,,,,,,
370,2/21/2025,"HORSEHEADS, NY",11400.0,Agency response on no longer a need for space provided by Portfolio.,313948.0,0.0,SOCIAL SECURITY ADMINISTRATION,2025-06-19,,,,,,,
371,2/21/2025,"MOBILE, AL",5118.0,True Termination- Agency Closed Office,112596.0,244009.0,EQUAL EMPLOYMENT OPPORTUNITY COMMISSION,2025-06-19,,,,,,,
372,2/21/2025,"GADSDEN, AL",1450.0,True Termination- Agency Closed Office,32357.0,67462.0,SOCIAL SECURITY ADMINISTRATION,2025-06-19,,,,,,,
373,2/21/2025,"MELBOURNE, FL",570.0,True Termination- Agency Closed Office,8862.0,0.0,SMALL BUSINESS ADMINISTRATION,2025-06-19,,,,,,,
374,2/21/2025,"OXFORD, MS",600.0,True Termination- Agency Closed Office,9228.0,16535.0,JD US MARSHALS SRV,2025-06-19,,,,,,,
375,2/21/2025,"PEARL, MS",7161.0,True Termination- Agency Closed Office,112316.0,5231.0,NATURAL RESOURCES CONSERVATION SERVICE,2025-06-19,,,,,,,
376,2/21/2025,"COLLIERVILLE, TN",2190.0,True Termination- Agency Closed Office,40141.0,139779.0,FED MED & CONCIL SRV,2025-06-19,,,,,,,
377,2/21/2025,"PORTSMOUTH, OH",1415.0,True Termination- Agency Closed Office,36706.0,92317.0,SOCIAL SECURITY ADMINISTRATION,2025-06-19,,,,,,,
378,2/21/2025,"ST. LOUIS, MO",4237.0,True Termination- Agency Closed Office,122625.0,337639.0,FED MED & CONCIL SRV,2025-06-19,,,,,,,
379,2/21/2025,"CRAIG, CO",4328.0,"Termination details are still being finalized. The lessor and customer have been notified, and the strategy is under development.",184283.0,77247.0,MINE SAFETY HEALTH ADMINISTRATION,2025-06-19,,,,,,,
380,2/21/2025,"SHELBY, MT",16292.0,True Termination- Agency Closed Office,363559.0,0.0,BORDER PATROL F,2025-06-19,,,,,,,
381,2/21/2025,"BISMARCK, ND",0.0,True Termination- Agency Closed Office,2016.0,2563.0,FAS REG8 FLT MGT FAC,2025-06-19,,,,,,,
382,2/21/2025,"CHICO, CA",315.0,True Termination- Agency Closed Office,7560.0,0.0,SMALL BUSINESS ADMINISTRATION,2025-06-19,,,,,,,
383,2/21/2025,"PORTLAND, OR",5485.0,Agency indicated they could release this space if replacement space was procured. ,132796.0,0.0,AGRICULTURAL MARKETING SERVICE,2025-06-19,,,,,,,
384,2/21/2025,"HERNDON, VA",4539.0,True Termination- Agency Closed Office,129438.0,5319.0,BUR OF INDUSTRY & SECURITY,2025-06-19,,,,,,,
385,2/20/2025,"HARTFORD, CT",0.0,True Termination- Agency Closed Office,8400.0,23382.0,FAS REG1 FLT MGT FAC,2025-06-19,,,,,,,
386,2/20/2025,"JACKSONVILLE, FL",12353.0,True Termination- Agency Closed Office,243409.0,0.0,USA AFR,2025-06-19,,,,,,,
387,2/20/2025,"MELBOURNE, FL",1415.0,True Termination- Agency Closed Office,59697.0,263973.0,SOCIAL SECURITY ADMINISTRATION,2025-06-19,,,,,,,
388,2/20/2025,"ST. JOSEPH, MO",1449.0,True Termination- Consolidation,34598.0,0.0,FEDERAL BUREAU OF INVESTIGATION,2025-06-19,,,,,,,
389,2/20/2025,"BOULDER, CO",3830.0,"Termination details are still being finalized. The lessor and customer have been notified, and the strategy is under development.",85086.0,399788.0,GEOLOGICAL SURVEY,2025-06-19,,,,,,,
390,2/20/2025,"YREKA, CA",6242.0,True Termination: Agency Approved Termination,126132.0,129242.0,NATURAL RESOURCES CONSERVATION SERVICE,2025-06-19,,,,,,,
391,2/20/2025,"ARLINGTON, VA",88469.0,True Termination- Move to Federal Space,3016102.0,0.0,LD MINE SAFE HEALTH,2025-06-19,,,,,,,
392,2/19/2025,"ROCK ISLAND, IL",10895.0,Agency moving to Rock Island Leased Courthouse,192352.0,192352.0,U.S. IMMIGRATION & CUSTOMS ENFORCEMENT (ICE),2025-06-19,,,,,,,
393,2/18/2025,"RENSSELAER, NY",115.0,True Termination- Vacant Space Buyout,2500.0,48.0,FPS-DHS-MGMT,2025-06-19,,,,,,,
394,2/18/2025,"SAINT AUGUSTINE, FL",4045.0,Agency entering into a license agreement with Northrop Grumman for their space,78878.0,0.0,DOD DEF CONT MGT AGY,2025-06-19,,,,,,,
395,2/18/2025,"ROCKFORD, IL",1743.0,True Termination- Agency Closed Office,36768.0,62355.0,SOCIAL SECURITY ADMINISTRATION,2025-06-19,,,,,,,
396,2/14/2025,"CHATTANOOGA, TN",1023.0,True Termination- Agency Closed Office,19938.0,5026.0,FIELD OPERATIONS FAC,2025-06-19,,,,,,,
397,2/14/2025,"ST. LOUIS, MO",3392.0,True Termination- Agency Closed Office,85087.0,0.0,DEFENSE COUNTERINTELLIGENCE AND SECURITY AGENCY – DOD W,2025-06-19,,,,,,,
398,2/13/2025,"ATLANTA, GA",7682.0,True Termination- Agency Closed Office,128233.0,545957.0,ALLOWANCE TO FORMER PRESIDENTS,2025-06-19,,,,,,,
399,2/13/2025,"ATLANTA, GA",8360.0,True Termination- Move to Federal Space,223483.0,12858.0,FTC,2025-06-19,,,,,,,
400,2/13/2025,"WASHINGTON, DC",59681.0,True Termination- Move to Federal Space,2774013.0,0.0,DHS UNDERSEC FOR MGM,2025-06-19,,,,,,,
401,2/13/2025,"SILVER SPRING, MD",64471.0,True Termination- Agency Closed Office,2006132.0,0.0,HHS FDA,2025-06-19,,,,,,,
402,2/13/2025,"DERWOOD, MD",29744.0,True Termination- Agency Closed Office,884357.0,0.0,HHS FDA,2025-06-19,,,,,,,
403,2/12/2025,"CHARLOTTE AMALIE, VI",1277.0,True Termination- Agency Closed Office,67411.0,0.0,ENVIRONMENTAL PROTECTION AGENCY,2025-06-19,,,,,,,
404,2/12/2025,"MERRILL, WI",393.0,True Termination- Agency Closed Office,6067.0,6067.0,DEFENSE CONTRACT MANAGEMENT AGENCY- NATIONAL,2025-06-19,,,,,,,
405,2/12/2025,"FOLSOM, CA",1330.0,True Termination- Agency Closed Office,39208.0,78417.0,DOE FERC,2025-06-19,,,,,,,
406,2/12/2025,"LAS VEGAS, NV",1895.0,True Termination- Move to Federal Space,65406.0,17203.0,SSA,2025-06-19,,,,,,,
407,2/12/2025,"WASHINGTON, DC",66390.0,True Termination- Move to Federal Space,2385019.0,0.0,OFFICE OF MANAGEMENT,2025-06-19,,,,,,,
408,2/12/2025,"LORTON, VA",15280.0,True Termination- Agency Closed Office,342689.0,0.0,General Services Administration,2025-06-19,,,,,,,
409,2/11/2025,"RANCHO CORDOVA, CA",18414.0,True Termination- Agency Closed Office,223462.0,446924.0,VBA,2025-06-19,,,,,,,
410,2/10/2025,"SAN JOSE, CA",4562.0,True Termination- Agency Closed Office,257302.0,0.0,DEF CONT MANA AGNEY,2025-06-19,,,,,,,
411,2/10/2025,"WASHINGTON, DC",17593.0,True Termination- Agency Closed Office,795617.0,0.0,USDA FS,2025-06-19,,,,,,,
412,2/7/2025,"HOFFMAN ESTATES, IL",73573.0,True Termination- Consolidation,1480913.0,746542.0,NATIONAL ARCHIVES CENTERS,2025-06-19,,,,,,,
413,2/7/2025,"SANTA MARIA, CA",6440.0,True Termination- Agency Direct Lease,118513.0,237027.0,GEOLOGICAL SURVEY,2025-06-19,,,,,,,
414,2/7/2025,"MENLO PARK, CA",20000.0,True Termination- Agency Direct Lease,1800000.0,0.0,ID GEOLOGICAL SURVEY,2025-06-19,,,,,,,
415,2/6/2025,"MCLEANSVILLE, NC",6913.0,True Termination- Agency Closed Office,156339.0,347800.0,DOD DCAA,2025-06-19,,,,,,,
416,2/6/2025,"ROANOKE RAPIDS, NC",982.0,True Termination- Lease Backfill,24000.0,0.0,SOCIAL SECURITY ADMINISTRATION,2025-06-19,,,,,,,
417,2/6/2025,"OKEMOS, MI",4276.0,True Termination- Agency Closed Office,108966.0,0.0,SOCIAL SECURITY ADMINISTRATION,2025-06-19,,,,,,,
418,2/6/2025,"COLUMBUS, OH",3999.0,True Termination- Move to Federal Space,81059.0,0.0,SOCIAL SECURITY ADMINISTRATION,2025-06-19,,,,,,,
419,2/6/2025,"COLUMBUS, OH",61371.0,True Termination- Move to Federal Space,1525086.0,0.0,BANKRUPTCY CLERK,2025-06-19,,,,,,,
420,2/6/2025,"TOLEDO, OH",6834.0,True Termination- Move to Federal Space,146733.0,0.0,PROBATION,2025-06-19,,,,,,,
421,2/6/2025,"FAIRFIELD, OH",124569.0,True Termination- Agency Closed Office,478213.0,58958.0,NATIONAL ARCHIVES CENTERS,2025-06-19,,,,,,,
422,2/6/2025,"GREEN BAY, WI",976.0,True Termination- Consolidation,26229.0,0.0,SOCIAL SECURITY ADMINISTRATION,2025-06-19,,,,,,,
423,2/6/2025,"BATESVILLE, AR",1934.0,True Termination- Agency Direct Lease,29010.0,0.0,SOCIAL SECURITY ADMINISTRATION,2025-06-19,,,,,,,
424,2/6/2025,"CARNEGIE, OK",0.0,True Termination- Agency Closed Office,2798.0,6241.0,BUREAU OF INDIAN AFFAIRS,2025-06-19,,,,,,,
425,2/6/2025,"BROKEN BOW, OK",2325.0,True Termination- Agency Closed Office,30612.0,60050.0,ID FISH&WLF SRVC,2025-06-19,,,,,,,
426,2/6/2025,"BROWNSVILLE, TX",748.0,True Termination- Agency Closed Office,18287.0,91487.0,General Services Administration,2025-06-19,,,,,,,
427,2/6/2025,"EL PASO, TX",3409.0,True Termination- Move to Federal Space,75290.0,150373.0,ID GEOLOGICAL SURVEY,2025-06-19,,,,,,,
428,2/6/2025,"MCALLEN, TX",2597.0,True Termination- Agency Closed Office,79520.0,284746.0,ID FISH&WLF SRVC,2025-06-19,,,,,,,
429,2/6/2025,"WASHINGTON, DC",30193.0,True Termination- Agency Closed Office,1462643.0,0.0,DOE FERC,2025-06-19,,,,,,,
430,2/5/2025,"BUFFALO, NY",18163.0,True Termination- Consolidation,548896.0,0.0,DEFENSE CONTRACT MANAGEMENT AGENCY- NATIONAL,2025-06-19,,,,,,,
431,2/5/2025,"JACKSONVILLE, FL",1155.0,True Termination- Move to Federal Space,27616.0,7566.0,DEFENSE COUNTERINTELLIGENCE AND SECURITY AGENCY – DOD W,2025-06-19,,,,,,,
432,2/5/2025,"MIDDLEBURG HEIGHTS, OH",1000.0,True Termination- Agency Closed Office,15299.0,0.0,BU ALC TOB FRMS XPL,2025-06-19,,,,,,,
433,2/5/2025,"MILWAUKEE, WI",7322.0,True Termination- Move to Federal Space,186700.0,36829.0,DEFENSE CONTRACT MANAGEMENT AGENCY- NATIONAL,2025-06-19,,,,,,,
434,2/5/2025,"FAYETTEVILLE, AR",440.0,True Termination- Move to Federal Space,11096.0,0.0,"EMPLOYMENT STANDARDS ADMINISTRATION, WAGE AND HOUR DIVI",2025-06-19,,,,,,,
435,2/5/2025,"ALBUQUERQUE, NM",5624.0,True Termination- Consolidation,67317.0,336585.0,DOD JTO,2025-06-19,,,,,,,
436,2/5/2025,"LAS CRUCES, NM",1120.0,True Termination- Move to Federal Space,27109.0,8690.0,VETERANS BENEFITS ADMINISTRATION,2025-06-19,,,,,,,
437,2/5/2025,"HOUSTON, TX",555.0,True Termination- Agency Closed Office,13547.0,67771.0,FED MARITIME COMM,2025-06-19,,,,,,,
438,2/5/2025,"AUBURN, CA",1228.0,True Termination- Agency Closed Office,31025.0,62051.0,USAF DEPT,2025-06-19,,,,,,,
439,2/4/2025,"NORTH ANDOVER CENTER, MA",5300.0,True Termination- Consolidation,116190.0,69396.0,DRUG ENFORCEMENT ADMINISTRATION,2025-06-19,,,,,,,
440,2/4/2025,"LEBANON, NH",959.0,True Termination- Agency Closed Office,29098.0,0.0,SMALL BUSINESS ADMINISTRATION,2025-06-19,,,,,,,
441,2/4/2025,"REHOBOTH BEACH, DE",1300.0,True Termination- Agency Closed Office,120000.0,0.0,DHS USSS,2025-06-19,,,,,,,
442,2/4/2025,"REHOBOTH BEACH, DE",2400.0,True Termination- Agency Closed Office,308975.0,0.0,DHS USSS,2025-06-19,,,,,,,
443,2/4/2025,"WILMINGTON, DE",2350.0,True Termination- Agency Closed Office,89250.0,0.0,DOD WHS,2025-06-19,,,,,,,
444,2/4/2025,"REHOBOTH BEACH, DE",2740.0,True Termination- Agency Closed Office,156300.0,0.0,DOD DISA,2025-06-19,,,,,,,
445,2/4/2025,"WILMINGTON, DE",13441.0,True Termination- Agency Closed Office,528160.0,0.0,DHS USSS,2025-06-19,,,,,,,
446,2/4/2025,"WILMINGTON, DE",0.0,True Termination- Agency Closed Office,249975.0,0.0,DHS UNITED STATES SECRET SERVICE,2025-06-19,,,,,,,
447,2/4/2025,"PHILADELPHIA, PA",1000.0,True Termination- Agency Closed Office,39348.0,0.0,DHS USSS,2025-06-19,,,,,,,
448,2/4/2025,"MOBILE, AL",23860.0,True Termination- Agency Direct Lease,722044.0,0.0,"CORPS OF ENGINEERS, CIVIL",2025-06-19,,,,,,,
449,2/4/2025,"CHAMPAIGN, IL",2958.0,True Termination- Agency Closed Office,57893.0,0.0,TD OFF CMPT CRRNCY,2025-06-19,,,,,,,
450,2/4/2025,"DAYTON, OH",2257.0,True Termination- Agency Closed Office,33574.0,0.0,JD US TRUSTEES,2025-06-19,,,,,,,
451,2/4/2025,"AKRON, OH",3201.0,True Termination- Move to Federal Space,48404.0,0.0,DEFENSE CONTRACT MANAGEMENT AGENCY- NATIONAL,2025-06-19,,,,,,,
452,2/4/2025,"MADISON, WI",2871.0,True Termination- Agency Closed Office,58142.0,290868.0,ID FISH&WLF SRVC,2025-06-19,,,,,,,
453,2/4/2025,"DAVENPORT, IA",351.0,True Termination- Agency Closed Office,6435.0,20555.0,LD BAT,2025-06-19,,,,,,,
454,2/4/2025,"AUSTIN, TX",0.0,True Termination- Agency Closed Office,139440.0,23304.0,U.S. IMMIGRATION & CUSTOMS ENFORCEMENT (ICE),2025-06-19,,,,,,,
455,2/4/2025,"ABILENE, TX",4998.0,True Termination- Agency Closed Office,68743.0,0.0,DHS TSA,2025-06-19,,,,,,,
456,2/4/2025,"CARLSBAD, CA",3579.0,True Termination- Consolidation,116449.0,134634.0,SOCIAL SECURITY ADMINISTRATION,2025-06-19,,,,,,,
457,2/4/2025,"YAKIMA, WA",330.0,True Termination- Vacant Space Buyout,2580.0,1647.0,JD DRUG ENF,2025-06-19,,,,,,,
458,2/4/2025,"SEATTLE, WA",23394.0,True Termination- Move to Federal Space,1052732.0,0.0,GOVERNMENT ACCOUNTABILITY OFFICE,2025-06-19,,,,,,,
459,2/3/2025,"LOGAN, WV",7852.0,True Termination- Agency Closed Office,196028.0,0.0,SSA,2025-06-19,,,,,,,
460,2/3/2025,"LOS ANGELES, CA",6610.0,True Termination- Agency Closed Office,463440.0,0.0,DOD WHS,2025-06-19,,,,,,,
461,2/3/2025,"WASHINGTON, DC",5255.0,True Termination- Consolidation,266445.0,0.0,DEPARTMENT OF EDUCATION,2025-06-19,,,,,,,
462,2/2/2025,"TOPEKA, KS",5560.0,True Termination- Agency Closed Office,121818.0,974547.0,USDA RMA,2025-06-19,,,,,,,
463,1/31/2025,"NEW YORK, NY",250.0,True Termination- Agency Closed Office,63000.0,0.0,DHS USSS,2025-06-19,,,,,,,
464,1/31/2025,"NEW YORK, NY",0.0,True Termination- Agency Closed Office,1786302.0,0.0,U.S. IMMIGRATION & CUSTOMS ENFORCEMENT (ICE),2025-06-19,,,,,,,
465,1/31/2025,"NEW YORK, NY",0.0,True Termination- Agency Closed Office,1879921.0,0.0,U.S. IMMIGRATION & CUSTOMS ENFORCEMENT (ICE),2025-06-19,,,,,,,
466,1/31/2025,"WASHINGTON, DC",22195.0,True Termination- Move to Federal Space,1060029.0,0.0,FIELD OFFICES,2025-06-19,,,,,,,
467,1/31/2025,"RIVERDALE PARK, MD",5598.0,True Termination- Consolidation,198065.0,0.0,CD NOAA,2025-06-19,,,,,,,
468,1/30/2025,"SPRINGFIELD, IL",3860.0,True Termination- Move to Federal Space,62102.0,150406.0,PBS -FIELD OFFICE,2025-06-19,,,,,,,
469,1/30/2025,"PHOENIX, AZ",46567.0,True Termination- Consolidation,1168475.0,0.0,PUBLIC DEFENDER SERVICE,2025-06-19,,,,,,,
470,1/30/2025,"PHOENIX, AZ",2193.0,True Termination- Vacant Space Buyout,44990.0,224948.0,FED MED & CONCIL SRV,2025-06-19,,,,,,,
471,1/30/2025,"LOS ANGELES, CA",1200.0,True Termination- Agency Closed Office,35340.0,0.0,DHS USSS,2025-06-19,,,,,,,
472,1/30/2025,"LOS ANGELES, CA",16439.0,True Termination- Agency Closed Office,599399.0,0.0,GAO,2025-06-19,,,,,,,
473,1/30/2025,"SAN DIEGO, CA",9563.0,True Termination- Vacant Space Buyout,348817.0,1744084.0,BU ALC TOB FRMS XPL,2025-06-19,,,,,,,
474,1/30/2025,"BREA, CA",2551.0,True Termination- Vacant Space Buyout,74556.0,0.0,USDA FSIS,2025-06-19,,,,,,,
475,1/30/2025,"WASHINGTON, DC",46821.0,True Termination- Move to Federal Space,2097020.0,1419079.0,AID,2025-06-19,,,,,,,
476,1/30/2025,"WASHINGTON, DC",2061.0,True Termination- Agency Closed Office,71820.0,0.0,DHS USSS,2025-06-19,,,,,,,
477,1/30/2025,"WASHINGTON, DC",845389.0,True Termination- Consolidation,26357330.0,0.0,LD BUR LAB STAT,2025-06-19,,,,,,,
478,1/29/2025,"WHITE PLAINS, NY",16632.0,True Termination- Consolidation,511908.0,0.0,SSA,2025-06-19,,,,,,,
479,1/29/2025,"MIDDLEBURG HEIGHTS, OH",5421.0,True Termination- Agency Closed Office,96568.0,193136.0,USA AFR,2025-06-19,,,,,,,
480,1/29/2025,"ARLINGTON, VA",55043.0,True Termination- Consolidation,2595912.0,0.0,DHS UNDERSEC FOR MGM,2025-06-19,,,,,,,
481,1/29/2025,"ARLINGTON, VA",49662.0,True Termination- Consolidation,2440578.0,0.0,DHS UNDERSEC FOR MGM,2025-06-19,,,,,,,
482,1/27/2025,"CHARLOTTESVILLE, VA",3719.0,True Termination- Agency Closed Office,124121.0,0.0,DOD DEF CONT MGT AGY,2025-06-19,,,,,,,
483,1/27/2025,"ATLANTA, GA",119812.0,True Termination- Agency Direct Lease,2490197.0,2074027.0,CENTER FOR DISEASE CONTROL,2025-06-19,,,,,,,
484,1/22/2025,"MIAMI, FL",3076.0,True Termination- Lease Backfill,112278.0,0.0,STATE DEPT,2025-06-19,,,,,,,
485,1/22/2025,"CINCINNATI, OH",3068.0,True Termination- Move to Federal Space,75739.0,0.0,BUREAU OF PRISONS,2025-06-19,,,,,,,
486,1/22/2025,"KANSAS CITY, KS",51138.0,True Termination- Lease Backfill,903731.0,1346931.0,BUREAU OF PRISONS,2025-06-19,,,,,,,
1,,,,,,,,,5/23/2025,"WASHINGTON, DC",200432.0,True Termination- Agency Closed Office,9535356.0,0.0,FEDERAL BUREAU OF INVESTIGATION
2,,,,,,,,,5/22/2025,"KNOXVILLE, TN",1562.0,,41142.0,10370.0,DEFENSE CONTRACT AUDIT AGENCY
3,,,,,,,,,5/22/2025,"CAMARILLO, CA",3456.0,,136554.0,155260.0,DEFENSE CONTRACT AUDIT AGENCY
4,,,,,,,,,5/22/2025,"STOCKTON, CA",972.0,,27527.0,0.0,SMALL BUSINESS ADMINISTRATION
5,,,,,,,,,5/22/2025,"SAN DIEGO, CA",22895.0,,573868.0,0.0,FEDERAL BUREAU OF INVESTIGATION
6,,,,,,,,,5/22/2025,"BOISE, ID",2898.0,,65243.0,500493.0,DEFENSE CONTRACT AUDIT AGENCY
7,,,,,,,,,5/7/2025,"SYRACUSE, NY",3582.0,True Termination- Move to Federal Space,59660.0,0.0,VETERANS BENEFITS ADMINISTRATION
8,,,,,,,,,5/7/2025,"SYRACUSE, NY",1250.0,True Termination- Move to Federal Space,20264.0,0.0,OFFICE OF THE INSPECTOR GENERAL
9,,,,,,,,,5/6/2025,"SCHENECTADY, NY",2887.0,True Termination- Agency Closed Office,67169.0,81339.0,DEFENSE CONTRACT AUDIT AGENCY
10,,,,,,,,,4/28/2025,"WEST NYACK, NY",5000.0,Agency Identified Terminations,152848.0,420436.0,INTERNAL REVENUE SERVICE NATIONAL OFFICE
11,,,,,,,,,4/28/2025,"ELMIRA, NY",3528.0,Agency Identified Terminations,51469.0,137203.0,INTERNAL REVENUE SERVICE NATIONAL OFFICE
12,,,,,,,,,4/28/2025,"WHEELING, WV",3418.0,Agency Identified Terminations,49526.0,213571.0,INTERNAL REVENUE SERVICE NATIONAL OFFICE
13,,,,,,,,,4/28/2025,"SAINT PETERSBURG, FL",30426.0,Agency Identified Terminations,720506.0,1600906.0,INTERNAL REVENUE SERVICE NATIONAL OFFICE
14,,,,,,,,,4/28/2025,"TAMPA, FL",21376.0,Agency Identified Terminations,760986.0,760986.0,INTERNAL REVENUE SERVICE NATIONAL OFFICE
15,,,,,,,,,4/28/2025,"FORT PIERCE, FL",800.0,Agency Identified Terminations,16268.0,4056.0,SMALL BUSINESS ADMINISTRATION
16,,,,,,,,,4/28/2025,"TALLAHASSEE, FL",4686.0,True Termination- Agency Closed Office,110032.0,0.0,SSA
17,,,,,,,,,4/28/2025,"FARMINGTON HILLS, MI",18031.0,Agency Identified Terminations,439314.0,587357.0,INTERNAL REVENUE SERVICE NATIONAL OFFICE
18,,,,,,,,,4/28/2025,"PEWAUKEE, WI",14716.0,Agency Identified Terminations,262585.0,458984.0,INTERNAL REVENUE SERVICE NATIONAL OFFICE
19,,,,,,,,,4/28/2025,"LOS ANGELES, CA",6500.0,Agency Identified Terminations,348000.0,0.0,DOD -WHS
20,,,,,,,,,4/28/2025,"WALNUT CREEK, CA",8017.0,Agency Identified Terminations,249458.0,0.0,INTERNAL REVENUE SERVICE NATIONAL OFFICE
21,,,,,,,,,4/21/2025,"NORTH PLATTE, NE",519.0,Termination by Region,2765.0,10227.0,ANIMAL AND PLANT HEALTH INSPECTION SERVICE
22,,,,,,,,,4/16/2025,"NEW YORK, NY",928.0,True Termination- Agency Closed Office,52356.0,0.0,DHS USSS
23,,,,,,,,,4/15/2025,"NACOGDOCHES, TX",1717.0,,43207.0,79193.0,SOCIAL SECURITY ADMINISTRATION
24,,,,,,,,,4/4/2025,"GREENSBORO, NC",5846.0,,107197.0,294865.0,EQUAL EMPLOYMENT OPPORTUNITY COMMISSION
25,,,,,,,,,4/4/2025,"SAN JOSE, CA",5736.0,,308476.0,988813.0,EQUAL EMPLOYMENT OPPORTUNITY COMMISSION
26,,,,,,,,,4/3/2025,"ISELIN, NJ",5278.0,Termination via Mass Mod,142675.0,0.0,FED MED & CONCIL SRV
27,,,,,,,,,4/3/2025,"PONCE, PR",270.0,Termination via Mass Mod,10727.0,75119.0,"EMPLOYMENT STANDARDS ADMINISTRATION, WAGE AND HOUR DIVI"
28,,,,,,,,,4/3/2025,"BALTIMORE, MD",103579.0,Termination via Mass Mod,2402919.0,0.0,CENTERS FOR MEDICARE AND MEDICAID SERVICES
29,,,,,,,,,4/3/2025,"PORTSMOUTH, VA",1730.0,Termination via Mass Mod,37830.0,189253.0,FED MED & CONCIL SRV
30,,,,,,,,,4/3/2025,"GREENVILLE, NC",7701.0,True Termination- Agency Closed Office,148367.0,148367.0,FARM SERVICE AGENCY - COUNTY
31,,,,,,,,,4/3/2025,"FAIRFIELD, CA",19413.0,Termination via Mass Mod,645525.0,3227627.0,JOINT FORCES HEADQUARTERS NCR/MILITARY DC WASH
32,,,,,,,,,4/3/2025,"WASHINGTON, DC",17500.0,Termination via Mass Mod,179604.0,0.0,DEPARTMENT OF EDUCATION
33,,,,,,,,,4/3/2025,"WASHINGTON, DC",27714.0,Termination via Mass Mod,1238963.0,0.0,INSTITUTE MUSM SERV
34,,,,,,,,,4/1/2025,"NORTH CHARLESTON, SC",75000.0,True Termination- Agency Closed Office,725132.0,25827.0,DEPARTMENT OF AIR FORCE
35,,,,,,,,,3/28/2025,"INDEPENDENCE, OH",6609.0,True Termination- Agency Closed Office,137951.0,542735.0,FED MED & CONCIL SRV
36,,,,,,,,,3/13/2025,"IDAHO FALLS, ID",1920.0,Terminating to align with the adminstrations reduction goals,34856.0,225272.0,AGRICULTURAL MARKETING SERVICE
37,,,,,,,,,3/12/2025,"MINOT, ND",833.0,Soft Term Terminations via PBS Commissioner Letter 2.25.25,18441.0,44560.0,UNITED STATES FISH AND WILDLIFE SERVICE
38,,,,,,,,,3/11/2025,"BUFFALO, NY",2178.0,True Termination- Agency Closed Office,44352.0,144236.0,FED MED & CONCIL SRV
39,,,,,,,,,3/7/2025,"LITTLETON, CO",1250.0,Soft Term Terminations via PBS Commissioner Letter 2.25.25,20859.0,19144.0,UNITED STATES FISH AND WILDLIFE SERVICE
40,,,,,,,,,3/7/2025,"GREAT FALLS, MT",3310.0,Soft Term Terminations via PBS Commissioner Letter 2.25.25,21021.0,38471.0,UNITED STATES FISH AND WILDLIFE SERVICE
41,,,,,,,,,3/4/2025,"NEW YORK, NY",10728.0,Termination via Mass Mod,623895.0,1871686.0,FEDERAL ENERGY REGULATORY COMMISSION
42,,,,,,,,,3/4/2025,"HATO REY, PR",25985.0,Termination via Mass Mod,1131388.0,7922819.0,OFFICE OF THE SECRETARY
43,,,,,,,,,3/4/2025,"SAN JUAN, PR",5918.0,Termination via Mass Mod,260830.0,390173.0,UNITED STATES TRUSTEES
44,,,,,,,,,3/4/2025,"CHARLES TOWN, WV",39037.0,Termination via Mass Mod,953424.0,9539468.0,NATIONAL PARK SERVICE
45,,,,,,,,,3/4/2025,"ROCK VIEW, WV",20781.0,Termination via Mass Mod,566978.0,0.0,MINE SAFETY HEALTH ADMINISTRATION
46,,,,,,,,,3/4/2025,"NORCROSS, GA",15120.0,Termination via Mass Mod,219857.0,0.0,ENVIRONMENTAL PROTECTION AGENCY
47,,,,,,,,,3/4/2025,"MEMPHIS, TN",2962.0,Termination via Mass Mod,81853.0,479905.0,NATIONAL LABOR RELATIONS BOARD
48,,,,,,,,,3/4/2025,"OAK RIDGE, TN",2164.0,Termination via Mass Mod,42458.0,212288.0,"EMPLOY. STANDARDS ADMIN., OFC OF WORKERS' COMP. PRGMS"
49,,,,,,,,,3/4/2025,"JOLIET, IL",500.0,Termination via Mass Mod,6667.0,33354.0,"EMPLOY. AND TRAIN. ADMIN., BUR. OF APPRENTICESHIP AND T"
50,,,,,,,,,3/4/2025,"BLOOMINGTON, IN",9400.0,Termination via Mass Mod,177473.0,532906.0,UNITED STATES FISH AND WILDLIFE SERVICE
51,,,,,,,,,3/4/2025,"FRANKLIN, IN",2307.0,Termination via Mass Mod,38432.0,76970.0,UNITED STATES FISH AND WILDLIFE SERVICE
52,,,,,,,,,3/4/2025,"INDIANAPOLIS, IN",2409.0,Termination via Mass Mod,70798.0,141789.0,"EMPLOYMENT STANDARDS ADMINISTRATION, WAGE AND HOUR DIVI"
53,,,,,,,,,3/4/2025,"CLEVELAND, OH",28704.0,Termination via Mass Mod,758610.0,0.0,OFFICE OF THE SECRETARY
54,,,,,,,,,3/4/2025,"MADISON, WI",3686.0,Termination via Mass Mod,104612.0,104612.0,SMALL BUSINESS ADMINISTRATION
55,,,,,,,,,3/4/2025,"MILWAUKEE, WI",17556.0,Termination via Mass Mod,405424.0,1217384.0,OFFICE OF THE SECRETARY
56,,,,,,,,,3/4/2025,"RICE LAKE, WI",1150.0,Termination via Mass Mod,27839.0,27839.0,GEOLOGICAL SURVEY
57,,,,,,,,,3/4/2025,"LITTLE ROCK, AR",8352.0,Termination via Mass Mod,180126.0,0.0,OCCUPATIONAL SAFETY AND HEALTH ADMINISTRATION
58,,,,,,,,,3/4/2025,"OKLAHOMA CITY, OK",16925.0,Termination via Mass Mod,320994.0,1284854.0,GEOLOGICAL SURVEY
59,,,,,,,,,3/4/2025,"HOUSTON, TX",22809.0,Termination via Mass Mod,401651.0,2008253.0,OFFICE OF NATURAL RESOURCES AND REVENUE
60,,,,,,,,,3/4/2025,"LAKEWOOD, CO",18144.0,True Termination- Move to Federal Space,428782.0,0.0,OFFICE OF THE SOLICITOR
61,,,,,,,,,3/4/2025,"MOAB, UT",35358.0,Termination via Mass Mod,810064.0,8105077.0,NATIONAL PARK SERVICE
62,,,,,,,,,3/4/2025,"LANDER, WY",7601.0,Termination via Mass Mod,111187.0,778616.0,UNITED STATES FISH AND WILDLIFE SERVICE
63,,,,,,,,,3/4/2025,"CAMP VERDE, AZ",2300.0,Termination via Mass Mod,50401.0,100802.0,NATIONAL PARK SERVICE
64,,,,,,,,,3/4/2025,"PALM SPRINGS, CA",5310.0,Termination via Mass Mod,205234.0,410468.0,UNITED STATES FISH AND WILDLIFE SERVICE
65,,,,,,,,,3/4/2025,"LAS VEGAS, NV",1513.0,Termination via Mass Mod,29549.0,295651.0,"EMPLOY. STANDARDS ADMIN., OFC OF WORKERS' COMP. PRGMS"
66,,,,,,,,,3/4/2025,"WASHINGTON, DC",76200.0,Termination via Mass Mod,3639020.0,0.0,DEPARTMENT OF HOUSING AND URBAN DEVELOPMENT
67,,,,,,,,,3/4/2025,"WASHINGTON, DC",33675.0,Termination via Mass Mod,2157949.0,0.0,OFFICE OF THE INSPECTOR GENERAL
68,,,,,,,,,3/4/2025,"ALEXANDRIA, VA",55159.0,Termination via Mass Mod,2272949.0,0.0,SIGPR
69,,,,,,,,,3/3/2025,"CHELSEA, MA",2500.0,Termination via Mass Mod,96026.0,224413.0,UNITED STATES FISH AND WILDLIFE SERVICE
70,,,,,,,,,3/3/2025,"OSWEGO, NY",4875.0,Termination via Mass Mod,108197.0,18082.0,GEOLOGICAL SURVEY
71,,,,,,,,,3/3/2025,"POTSDAM, NY",1748.0,Termination via Mass Mod,12943.0,41630.0,GEOLOGICAL SURVEY
72,,,,,,,,,3/3/2025,"VALLEY STREAM, NY",9493.0,Termination via Mass Mod,345179.0,719674.0,UNITED STATES FISH AND WILDLIFE SERVICE
73,,,,,,,,,3/3/2025,"SOMERSET, PA",2361.0,Termination via Mass Mod,29693.0,86720.0,NATIONAL PARK SERVICE
74,,,,,,,,,3/3/2025,"GLOUCESTER, VA",11281.0,Termination via Mass Mod,310651.0,496190.0,UNITED STATES FISH AND WILDLIFE SERVICE
75,,,,,,,,,3/3/2025,"RICHMOND, VA",4380.0,Termination via Mass Mod,76911.0,513089.0,UNITED STATES FISH AND WILDLIFE SERVICE
76,,,,,,,,,3/3/2025,"FAIRHOPE, AL",5132.0,Termination via Mass Mod,176859.0,707922.0,UNITED STATES FISH AND WILDLIFE SERVICE
77,,,,,,,,,3/3/2025,"JACKSONVILLE, FL",2700.0,Termination via Mass Mod,42390.0,145287.0,UNITED STATES FISH AND WILDLIFE SERVICE
78,,,,,,,,,3/3/2025,"PANAMA CITY, FL",13000.0,Termination via Mass Mod,246957.0,123140.0,UNITED STATES FISH AND WILDLIFE SERVICE
79,,,,,,,,,3/3/2025,"LOUISVILLE, KY",21950.0,Termination via Mass Mod,507129.0,1289357.0,GEOLOGICAL SURVEY
80,,,,,,,,,3/3/2025,"ANN ARBOR, MI",4800.0,Termination via Mass Mod,86301.0,336220.0,UNITED STATES FISH AND WILDLIFE SERVICE
81,,,,,,,,,3/3/2025,"WINONA, MN",6827.0,Termination via Mass Mod,118449.0,528313.0,UNITED STATES FISH AND WILDLIFE SERVICE
82,,,,,,,,,3/3/2025,"MADISON, WI",7125.0,Termination via Mass Mod,187168.0,546632.0,UNITED STATES FISH AND WILDLIFE SERVICE
83,,,,,,,,,2/28/2025,"HARTFORD, CT",24647.0,Termination via Mass Mod,671727.0,1231192.0,OFFICE OF THE SECRETARY
84,,,,,,,,,2/28/2025,"BALTIMORE, MD",1812.0,Termination via Mass Mod,42993.0,39342.0,UNITED STATES FISH AND WILDLIFE SERVICE
85,,,,,,,,,2/28/2025,"RICHMOND, VA",19277.0,Termination via Mass Mod,342341.0,962305.0,GEOLOGICAL SURVEY
86,,,,,,,,,2/28/2025,"CHARLESTON, WV",1692.0,Termination via Mass Mod,51245.0,245978.0,FEDERAL MOTOR CARRIER SAFETY ADMINISTRATION
87,,,,,,,,,2/28/2025,"CHARLESTON, WV",10875.0,Termination via Mass Mod,222716.0,1532166.0,GEOLOGICAL SURVEY
88,,,,,,,,,2/28/2025,"TALLAHASSEE, FL",3802.0,Termination via Mass Mod,142115.0,693055.0,GEOLOGICAL SURVEY
89,,,,,,,,,2/28/2025,"HOMESTEAD, FL",21356.0,Termination via Mass Mod,545466.0,1226926.0,NATIONAL PARK SERVICE
90,,,,,,,,,2/28/2025,"ATLANTA, GA",25422.0,Termination via Mass Mod,678914.0,223205.0,OFFICE OF THE SECRETARY
91,,,,,,,,,2/28/2025,"LOUISVILLE, KY",3938.0,Termination via Mass Mod,101765.0,275464.0,FOOD AND DRUG ADMINISTRATION
92,,,,,,,,,2/28/2025,"NORTH CHARLESTON, SC",465.0,Termination via Mass Mod,13725.0,38920.0,SMALL BUSINESS ADMINISTRATION
93,,,,,,,,,2/28/2025,"CHICAGO, IL",4651.0,Termination via Mass Mod,142746.0,277279.0,FEDERAL LABOR RELATIONS AUTHORITY
94,,,,,,,,,2/28/2025,"LISLE, IL",13104.0,Termination via Mass Mod,424359.0,353438.0,FOOD AND DRUG ADMINISTRATION
95,,,,,,,,,2/28/2025,"ST. PAUL, MN",4246.0,Termination via Mass Mod,114723.0,535585.0,FEDERAL HIGHWAY ADMINISTRATION
96,,,,,,,,,2/28/2025,"CLEVELAND, OH",5722.0,Termination via Mass Mod,145182.0,325366.0,SMALL BUSINESS ADMINISTRATION
97,,,,,,,,,2/28/2025,"DERBY, KS",1365.0,Termination via Mass Mod,19776.0,92324.0,UNITED STATES FISH AND WILDLIFE SERVICE
98,,,,,,,,,2/28/2025,"SALINA, KS",2203.0,Termination via Mass Mod,47489.0,186182.0,INTERNAL REVENUE SERVICE NATIONAL OFFICE
99,,,,,,,,,2/28/2025,"OMAHA, NE",1875.0,Termination via Mass Mod,34357.0,91682.0,FOOD AND DRUG ADMINISTRATION
100,,,,,,,,,2/28/2025,"LITTLE ROCK, AR",19005.0,Termination via Mass Mod,351510.0,3114473.0,GEOLOGICAL SURVEY
101,,,,,,,,,2/28/2025,"SANTA FE, NM",5847.0,Termination via Mass Mod,150950.0,732004.0,FEDERAL HIGHWAY ADMINISTRATION
102,,,,,,,,,2/28/2025,"TULSA, OK",5682.0,Termination via Mass Mod,109426.0,87541.0,DEPARTMENT OF HOUSING AND URBAN DEVELOPMENT
103,,,,,,,,,2/28/2025,"LAREDO, TX",2645.0,Termination via Mass Mod,55680.0,231567.0,UNITED STATES FISH AND WILDLIFE SERVICE
104,,,,,,,,,2/28/2025,"FORT WORTH, TX",5835.0,Termination via Mass Mod,157720.0,569522.0,FEDERAL RAILROAD ADMINISTRATION
105,,,,,,,,,2/28/2025,"DURANGO, CO",8900.0,Termination via Mass Mod,246856.0,493712.0,BUREAU OF RECLAMATION
106,,,,,,,,,2/28/2025,"GOLDEN, CO",8219.0,Termination via Mass Mod,191353.0,517963.0,GEOLOGICAL SURVEY
107,,,,,,,,,2/28/2025,"BOZEMAN, MT",7853.0,Termination via Mass Mod,241265.0,674219.0,UNITED STATES FISH AND WILDLIFE SERVICE
108,,,,,,,,,2/28/2025,"BOZEMAN, MT",15605.0,Termination via Mass Mod,369838.0,1387147.0,GEOLOGICAL SURVEY
109,,,,,,,,,2/28/2025,"RAPID CITY, SD",2252.0,Termination via Mass Mod,53198.0,146330.0,OFFICE OF HEARING AND APPEALS
110,,,,,,,,,2/28/2025,"SIOUX FALLS, SD",1217.0,Termination via Mass Mod,28749.0,131771.0,DEPARTMENTAL MANAGEMENT (IG)
111,,,,,,,,,2/28/2025,"RAPID CITY, SD",1518.0,Termination via Mass Mod,43938.0,267482.0,NATIONAL INDIAN GAMING COMMISSION
112,,,,,,,,,2/28/2025,"WEST VALLEY CITY, UT",8482.0,Termination via Mass Mod,116431.0,475930.0,UNITED STATES FISH AND WILDLIFE SERVICE
113,,,,,,,,,2/28/2025,"MOAB, UT",4750.0,Termination via Mass Mod,134100.0,91482.0,GEOLOGICAL SURVEY
114,,,,,,,,,2/28/2025,"SAN DIEGO, CA",6374.0,Termination via Mass Mod,454339.0,339820.0,FOOD AND DRUG ADMINISTRATION
115,,,,,,,,,2/28/2025,"LONG BEACH, CA",24167.0,Termination via Mass Mod,952904.0,1112157.0,FOOD AND DRUG ADMINISTRATION
116,,,,,,,,,2/28/2025,"ARCATA, CA",25500.0,Termination via Mass Mod,644211.0,995438.0,UNITED STATES FISH AND WILDLIFE SERVICE
117,,,,,,,,,2/28/2025,"ANCHORAGE, AK",14805.0,Termination via Mass Mod,664745.0,1996055.0,OFFICE OF THE SECRETARY
118,,,,,,,,,2/28/2025,"LAPWAI, ID",6068.0,Termination via Mass Mod,112124.0,860128.0,BUREAU OF INDIAN AFFAIRS
119,,,,,,,,,2/28/2025,"BOISE, ID",5890.0,Termination via Mass Mod,122218.0,962672.0,OFFICE OF THE SOLICITOR
120,,,,,,,,,2/28/2025,"BAKER CITY, OR",7030.0,Termination via Mass Mod,204936.0,823673.0,BUREAU OF LAND MANAGEMENT
121,,,,,,,,,2/28/2025,"TOPPENISH, WA",17107.0,Termination via Mass Mod,533985.0,1113322.0,BUREAU OF INDIAN AFFAIRS
122,,,,,,,,,2/27/2025,"MANSFIELD, OH",1047.0,True Termination- Agency Closed Office,15188.0,27963.0,SOCIAL SECURITY ADMINISTRATION
123,,,,,,,,,2/27/2025,"WAUSAU, WI",1851.0,True Termination- Agency Closed Office,34211.0,51082.0,SOCIAL SECURITY ADMINISTRATION
124,,,,,,,,,2/26/2025,"WALLINGFORD, CT",2711.0,Termination via Mass Mod,80590.0,16780.0,ANIMAL AND PLANT HEALTH INSPECTION SERVICE
125,,,,,,,,,2/26/2025,"UXBRIDGE, MA",4852.0,Termination via Mass Mod,101811.0,420911.0,ANIMAL AND PLANT HEALTH INSPECTION SERVICE
126,,,,,,,,,2/26/2025,"SPRINGFIELD, MA",599.0,Termination via Mass Mod,9995.0,38338.0,"EMPLOYMENT STANDARDS ADMINISTRATION, WAGE AND HOUR DIVI"
127,,,,,,,,,2/26/2025,"NARRAGANSETT PIER, RI",674.0,Termination via Mass Mod,23937.0,197992.0,NATIONAL OCEANIC ATMOSPHERIC ADMINISTRATION
128,,,,,,,,,2/26/2025,"EAST PROVIDENCE, RI",1556.0,Termination via Mass Mod,38867.0,126503.0,FEDERAL MOTOR CARRIER SAFETY ADMINISTRATION
129,,,,,,,,,2/26/2025,"BARRE, VT",287.0,Termination via Mass Mod,9369.0,13245.0,NATIONAL OCEANIC ATMOSPHERIC ADMINISTRATION
130,,,,,,,,,2/26/2025,"NEWARK, NJ",14736.0,Termination via Mass Mod,633783.0,2125344.0,FOOD AND DRUG ADMINISTRATION
131,,,,,,,,,2/26/2025,"PRINCETON, NJ",3780.0,Termination via Mass Mod,111100.0,472706.0,FEDERAL MOTOR CARRIER SAFETY ADMINISTRATION
132,,,,,,,,,2/26/2025,"MOUNTAINSIDE, NJ",3451.0,Termination via Mass Mod,97360.0,122167.0,OFFICE OF INSPECTOR GENERAL
133,,,,,,,,,2/26/2025,"WHITE PLAINS, NY",2071.0,Termination via Mass Mod,67169.0,203531.0,INTERNATIONAL TRADE ADMINISTRATION
134,,,,,,,,,2/26/2025,"LARES, PR",2700.0,Termination via Mass Mod,80561.0,305471.0,FARM SERVICE AGENCY - COUNTY
135,,,,,,,,,2/26/2025,"PONCE, PR",3218.0,Termination via Mass Mod,134785.0,472670.0,FARM SERVICE AGENCY - COUNTY
136,,,,,,,,,2/26/2025,"WILMINGTON, DE",3464.0,Termination via Mass Mod,95385.0,310982.0,FOOD AND DRUG ADMINISTRATION
137,,,,,,,,,2/26/2025,"WILMINGTON, DE",2950.0,Termination via Mass Mod,84288.0,280575.0,FEDERAL RAILROAD ADMINISTRATION
138,,,,,,,,,2/26/2025,"BALTIMORE, MD",6160.0,Termination via Mass Mod,130222.0,297192.0,SMALL BUSINESS ADMINISTRATION
139,,,,,,,,,2/26/2025,"BALTIMORE, MD",3090.0,Termination via Mass Mod,77572.0,219115.0,FOOD AND DRUG ADMINISTRATION
140,,,,,,,,,2/26/2025,"MT LAUREL, NJ",7111.0,Termination via Mass Mod,145162.0,387365.0,RURAL HOUSING SERVICE
141,,,,,,,,,2/26/2025,"LAWRENCEVILLE, NJ",3420.0,Termination via Mass Mod,87934.0,293434.0,"EMPLOYMENT STANDARDS ADMINISTRATION, WAGE AND HOUR DIVI"
142,,,,,,,,,2/26/2025,"ROBBINSVILLE, NJ",28930.0,Termination via Mass Mod,488641.0,1751076.0,FOOD AND NUTRITION SERVICE (FNS)
143,,,,,,,,,2/26/2025,"PHILADELPHIA, PA",3492.0,Termination via Mass Mod,87941.0,89146.0,INTERNATIONAL TRADE ADMINISTRATION
144,,,,,,,,,2/26/2025,"PHILADELPHIA, PA",4962.0,Termination via Mass Mod,146265.0,124626.0,BUREAU OF PRISONS
145,,,,,,,,,2/26/2025,"KING OF PRUSSIA, PA",3173.0,Termination via Mass Mod,58794.0,137401.0,OFFICE OF THE INSPECTOR GENERAL
146,,,,,,,,,2/26/2025,"MOUNT PLEASANT, PA",12964.0,Termination via Mass Mod,237785.0,800001.0,MINE SAFETY HEALTH ADMINISTRATION
147,,,,,,,,,2/26/2025,"CHARLESTON, WV",3122.0,Termination via Mass Mod,49282.0,120707.0,OFFICE OF THE SECRETARY
148,,,,,,,,,2/26/2025,"MARTINSBURG, WV",525.0,Termination via Mass Mod,12066.0,48295.0,"EMPLOY. AND TRAIN. ADMIN., BUR. OF APPRENTICESHIP AND T"
149,,,,,,,,,2/26/2025,"MONTGOMERY, AL",2662.0,Termination via Mass Mod,59444.0,158626.0,FEDERAL MOTOR CARRIER SAFETY ADMINISTRATION
150,,,,,,,,,2/26/2025,"PLANTATION, FL",14691.0,Termination via Mass Mod,414703.0,699883.0,FOOD AND DRUG ADMINISTRATION
151,,,,,,,,,2/26/2025,"TALLAHASSEE, FL",1440.0,Termination via Mass Mod,39692.0,291438.0,FOOD AND DRUG ADMINISTRATION
152,,,,,,,,,2/26/2025,"PENSACOLA, FL",690.0,Termination via Mass Mod,18036.0,56629.0,"EMPLOYMENT STANDARDS ADMINISTRATION, WAGE AND HOUR DIVI"
153,,,,,,,,,2/26/2025,"SAVANNAH, GA",1848.0,Termination via Mass Mod,39214.0,163519.0,"EMPLOYMENT STANDARDS ADMINISTRATION, WAGE AND HOUR DIVI"
154,,,,,,,,,2/26/2025,"ATLANTA, GA",3354.0,Termination via Mass Mod,77081.0,162820.0,OFFICE OF THE SECRETARY
155,,,,,,,,,2/26/2025,"LOUISVILLE, KY",2184.0,Termination via Mass Mod,38239.0,112831.0,OFFICE OF THE SECRETARY
156,,,,,,,,,2/26/2025,"GREENSBORO, NC",1579.0,Termination via Mass Mod,24985.0,16634.0,HHS FDA
157,,,,,,,,,2/26/2025,"GALLATIN, TN",6017.0,Termination via Mass Mod,119016.0,486499.0,NATURAL RESOURCES CONSERVATION SERVICE
158,,,,,,,,,2/26/2025,"SPRINGFIELD, IL",2128.0,Termination via Mass Mod,42315.0,149087.0,"EMPLOYMENT STANDARDS ADMINISTRATION, WAGE AND HOUR DIVI"
159,,,,,,,,,2/26/2025,"LISLE, IL",1520.0,Termination via Mass Mod,41586.0,48649.0,"FED ACQUISITION SRVC, REG 05 FLEET MGMT FACILITIES"
160,,,,,,,,,2/26/2025,"GRAND RAPIDS, MI",2145.0,Termination via Mass Mod,51742.0,205551.0,DEPARTMENTAL MANAGEMENT (IG)
161,,,,,,,,,2/26/2025,"DETROIT, MI",856.0,Termination via Mass Mod,17120.0,72842.0,AGRICULTURAL MARKETING SERVICE
162,,,,,,,,,2/26/2025,"MINNEAPOLIS, MN",3499.0,Termination via Mass Mod,102390.0,51055.0,"EMPLOYMENT STANDARDS ADMINISTRATION, WAGE AND HOUR DIVI"
163,,,,,,,,,2/26/2025,"MINNEAPOLIS, MN",4256.0,Termination via Mass Mod,136192.0,67909.0,"EMPLOY. STANDARDS ADMIN., OFC OF CONTRACT COMPLIANCE PR"
164,,,,,,,,,2/26/2025,"CLEVELAND, OH",2287.0,Termination via Mass Mod,70988.0,233580.0,DEPARTMENTAL MANAGEMENT (IG)
165,,,,,,,,,2/26/2025,"CINCINNATI, OH",2247.0,Termination via Mass Mod,49014.0,32631.0,SMALL BUSINESS ADMINISTRATION
166,,,,,,,,,2/26/2025,"COLUMBUS, OH",6721.0,Termination via Mass Mod,114278.0,495935.0,SMALL BUSINESS ADMINISTRATION
167,,,,,,,,,2/26/2025,"MADISON, WI",2975.0,Termination via Mass Mod,121221.0,272995.0,FOOD AND DRUG ADMINISTRATION
168,,,,,,,,,2/26/2025,"STEVENS POINT, WI",15843.0,Termination via Mass Mod,448204.0,896408.0,RURAL HOUSING SERVICE
169,,,,,,,,,2/26/2025,"MADISON, WI",1486.0,Termination via Mass Mod,37494.0,144941.0,DEPARTMENTAL MANAGEMENT (IG)
170,,,,,,,,,2/26/2025,"WAUWATOSA, WI",6757.0,Termination via Mass Mod,187375.0,513869.0,FOOD AND DRUG ADMINISTRATION
171,,,,,,,,,2/26/2025,"MADISON, WI",6254.0,Termination via Mass Mod,204103.0,408205.0,FEDERAL HIGHWAY ADMINISTRATION
172,,,,,,,,,2/26/2025,"MADISON, WI",2477.0,Termination via Mass Mod,50150.0,141656.0,FEDERAL MOTOR CARRIER SAFETY ADMINISTRATION
173,,,,,,,,,2/26/2025,"TOPEKA, KS",10020.0,Termination via Mass Mod,230522.0,153470.0,RURAL HOUSING SERVICE
174,,,,,,,,,2/26/2025,"KANSAS CITY, MO",1995.0,Termination via Mass Mod,41260.0,87380.0,INTERNATIONAL TRADE ADMINISTRATION
175,,,,,,,,,2/26/2025,"KANSAS CITY, MO",11465.0,Termination via Mass Mod,267450.0,758387.0,OFFICE OF THE SECRETARY
176,,,,,,,,,2/26/2025,"KANSAS CITY, MO",9549.0,Termination via Mass Mod,203156.0,414660.0,SMALL BUSINESS ADMINISTRATION
177,,,,,,,,,2/26/2025,"LITTLE ROCK, AR",17878.0,Termination via Mass Mod,316603.0,1161456.0,SMALL BUSINESS ADMINISTRATION
178,,,,,,,,,2/26/2025,"OKLAHOMA CITY, OK",1182.0,Termination via Mass Mod,22990.0,95865.0,INTERNATIONAL TRADE ADMINISTRATION
179,,,,,,,,,2/26/2025,"LONGVIEW, TX",2400.0,Termination via Mass Mod,63624.0,219112.0,MINE SAFETY HEALTH ADMINISTRATION
180,,,,,,,,,2/26/2025,"COLORADO SPRINGS, CO",875.0,Termination via Mass Mod,29227.0,7367.0,"EMPLOYMENT STANDARDS ADMINISTRATION, WAGE AND HOUR DIVI"
181,,,,,,,,,2/26/2025,"LAKEWOOD, CO",21015.0,Termination via Mass Mod,448920.0,980245.0,"CORPS OF ENGINEERS, CIVIL"
182,,,,,,,,,2/26/2025,"DENVER, CO",86809.0,Termination via Mass Mod,2905174.0,9455746.0,OFFICE OF THE SECRETARY
183,,,,,,,,,2/26/2025,"DENVER, CO",3885.0,Termination via Mass Mod,161893.0,344190.0,INTERNATIONAL TRADE ADMINISTRATION
184,,,,,,,,,2/26/2025,"BOUNTIFUL, UT",2961.0,Termination via Mass Mod,50160.0,137974.0,"CORPS OF ENGINEERS, CIVIL"
185,,,,,,,,,2/26/2025,"CHEYENNE, WY",2311.0,Termination via Mass Mod,45187.0,53357.0,FEDERAL MOTOR CARRIER SAFETY ADMINISTRATION
186,,,,,,,,,2/26/2025,"TUCSON, AZ",7335.0,Termination via Mass Mod,287894.0,327331.0,BUREAU OF THE CENSUS
187,,,,,,,,,2/26/2025,"PHOENIX, AZ",36750.0,Termination via Mass Mod,1194475.0,3586697.0,BUR OF INDUSTRY & SECURITY
188,,,,,,,,,2/26/2025,"EUREKA, CA",823.0,Termination via Mass Mod,19793.0,66483.0,NATIONAL OCEANIC ATMOSPHERIC ADMINISTRATION
189,,,,,,,,,2/26/2025,"MOUNT SHASTA, CA",536.0,Termination via Mass Mod,12000.0,52997.0,FOREST SERVICE
190,,,,,,,,,2/26/2025,"SAN JOSE, CA",4859.0,Termination via Mass Mod,222339.0,128530.0,FOOD AND DRUG ADMINISTRATION
191,,,,,,,,,2/26/2025,"SAN CLEMENTE, CA",21450.0,Termination via Mass Mod,704094.0,995377.0,FOOD AND DRUG ADMINISTRATION
192,,,,,,,,,2/26/2025,"SAN DIEGO, CA",3328.0,Termination via Mass Mod,90904.0,77206.0,INTERNATIONAL TRADE ADMINISTRATION
193,,,,,,,,,2/26/2025,"ANCHORAGE, AK",4031.0,Termination via Mass Mod,179985.0,89746.0,SMALL BUSINESS ADMINISTRATION
194,,,,,,,,,2/26/2025,"BOISE, ID",5156.0,Termination via Mass Mod,111448.0,28091.0,NATIONAL OCEANIC ATMOSPHERIC ADMINISTRATION
195,,,,,,,,,2/26/2025,"OLYMPIA, WA",2069.0,Termination via Mass Mod,60270.0,145639.0,FEDERAL MOTOR CARRIER SAFETY ADMINISTRATION
196,,,,,,,,,2/26/2025,"TACOMA, WA",842.0,Termination via Mass Mod,21345.0,40702.0,"EMPLOYMENT STANDARDS ADMINISTRATION, WAGE AND HOUR DIVI"
197,,,,,,,,,2/26/2025,"RICHLAND, WA",979.0,Termination via Mass Mod,19539.0,55085.0,"EMPLOY. STANDARDS ADMIN., OFC OF WORKERS' COMP. PRGMS"
198,,,,,,,,,2/26/2025,"RENTON, WA",1451.0,Termination via Mass Mod,47625.0,166753.0,NATURAL RESOURCES CONSERVATION SERVICE
199,,,,,,,,,2/26/2025,"SEATTLE, WA",12867.0,Termination via Mass Mod,420795.0,0.0,SMALL BUSINESS ADMINISTRATION
200,,,,,,,,,2/25/2025,"MIDDLETOWN, CT",2730.0,Termination via Mass Mod,102849.0,454792.0,INTERNATIONAL TRADE ADMINISTRATION
201,,,,,,,,,2/25/2025,"NORTHBOROUGH, MA",20893.0,Termination via Mass Mod,358733.0,1518472.0,GEOLOGICAL SURVEY
202,,,,,,,,,2/25/2025,"BOYLSTON, MA",2360.0,Termination via Mass Mod,56349.0,101119.0,FOOD AND DRUG ADMINISTRATION
203,,,,,,,,,2/25/2025,"FALMOUTH, ME",2999.0,Termination via Mass Mod,71369.0,254583.0,UNITED STATES FISH AND WILDLIFE SERVICE
204,,,,,,,,,2/25/2025,"SUNCOOK, PEMBROKE, NH",12560.0,Termination via Mass Mod,242102.0,685846.0,GEOLOGICAL SURVEY
205,,,,,,,,,2/25/2025,"MANCHESTER, NH",3201.0,Termination via Mass Mod,98552.0,231664.0,"EMPLOYMENT STANDARDS ADMINISTRATION, WAGE AND HOUR DIVI"
206,,,,,,,,,2/25/2025,"PORTSMOUTH, NH",1099.0,Termination via Mass Mod,31432.0,48311.0,INTERNATIONAL TRADE ADMINISTRATION
207,,,,,,,,,2/25/2025,"WARWICK, RI",4215.0,Termination via Mass Mod,108049.0,279152.0,FOOD AND DRUG ADMINISTRATION
208,,,,,,,,,2/25/2025,"EAST PROVIDENCE, RI",2400.0,Termination via Mass Mod,59161.0,212006.0,FOOD AND DRUG ADMINISTRATION
209,,,,,,,,,2/25/2025,"BURLINGTON, VT",2343.0,Termination via Mass Mod,71954.0,77079.0,DEPARTMENT OF HOUSING AND URBAN DEVELOPMENT
210,,,,,,,,,2/25/2025,"MOUNTAINSIDE, NJ",4876.0,Termination via Mass Mod,128580.0,21489.0,BUREAU OF LABOR STATISTICS
211,,,,,,,,,2/25/2025,"BUFFALO, NY",2168.0,Termination via Mass Mod,65379.0,101383.0,"EMPLOY. STANDARDS ADMIN., OFC OF WORKERS' COMP. PRGMS"
212,,,,,,,,,2/25/2025,"FOREST HILLS, NY",5070.0,Termination via Mass Mod,308437.0,598284.0,"EMPLOYMENT STANDARDS ADMINISTRATION, WAGE AND HOUR DIVI"
213,,,,,,,,,2/25/2025,"GUAYNABO, PR",9462.0,Termination via Mass Mod,395988.0,863580.0,INTERNAL REVENUE SERVICE NATIONAL OFFICE
214,,,,,,,,,2/25/2025,"SAN JUAN, PR",4951.0,Termination via Mass Mod,200235.0,216693.0,FEDERAL HIGHWAY ADMINISTRATION
215,,,,,,,,,2/25/2025,"UTUADO, PR",5750.0,Termination via Mass Mod,155653.0,58423.0,FARM SERVICE AGENCY - COUNTY
216,,,,,,,,,2/25/2025,"MAYAGUEZ, PR",2678.0,Termination via Mass Mod,64524.0,116144.0,FARM SERVICE AGENCY- STATE
217,,,,,,,,,2/25/2025,"ARECIBO, PR",4360.0,Termination via Mass Mod,178801.0,457044.0,NATURAL RESOURCES CONSERVATION SERVICE
218,,,,,,,,,2/25/2025,"MAYAGUEZ, PR",2991.0,Termination via Mass Mod,105463.0,88993.0,RURAL HOUSING SERVICE
219,,,,,,,,,2/25/2025,"DOVER, DE",5724.0,Termination via Mass Mod,112332.0,156034.0,GEOLOGICAL SURVEY
220,,,,,,,,,2/25/2025,"BALTIMORE, MD",9139.0,Termination via Mass Mod,254174.0,603751.0,"EMPLOYMENT STANDARDS ADMINISTRATION, WAGE AND HOUR DIVI"
221,,,,,,,,,2/25/2025,"EWING TOWNSHIP, NJ",7646.0,Termination via Mass Mod,216234.0,418843.0,FEDERAL HIGHWAY ADMINISTRATION
222,,,,,,,,,2/25/2025,"DOWNINGTOWN, PA",5452.0,Termination via Mass Mod,102968.0,231608.0,GEOLOGICAL SURVEY
223,,,,,,,,,2/25/2025,"WILLIAMSPORT, PA",4839.0,Termination via Mass Mod,67391.0,141244.0,GEOLOGICAL SURVEY
224,,,,,,,,,2/25/2025,"PHILADELPHIA, PA",42995.0,Termination via Mass Mod,1115051.0,1206699.0,DEPARTMENT OF EDUCATION
225,,,,,,,,,2/25/2025,"NEW CUMBERLAND, PA",30279.0,Termination via Mass Mod,785961.0,488803.0,GEOLOGICAL SURVEY
226,,,,,,,,,2/25/2025,"RICHMOND, VA",2986.0,Termination via Mass Mod,45955.0,91909.0,ANIMAL AND PLANT HEALTH INSPECTION SERVICE
227,,,,,,,,,2/25/2025,"MARTINSBURG, WV",2230.0,Termination via Mass Mod,62811.0,65220.0,NATIONAL PARK SERVICE
228,,,,,,,,,2/25/2025,"MOBILE, AL",2200.0,Termination via Mass Mod,62676.0,108696.0,"EMPLOYMENT STANDARDS ADMINISTRATION, WAGE AND HOUR DIVI"
229,,,,,,,,,2/25/2025,"DAPHNE, AL",7087.0,Termination via Mass Mod,149655.0,313660.0,UNITED STATES FISH AND WILDLIFE SERVICE
230,,,,,,,,,2/25/2025,"NAPLES, FL",4862.0,Termination via Mass Mod,115035.0,230070.0,NATIONAL PARK SERVICE
231,,,,,,,,,2/25/2025,"HAINES CITY, FL",5139.0,Termination via Mass Mod,102400.0,78553.0,ANIMAL AND PLANT HEALTH INSPECTION SERVICE
232,,,,,,,,,2/25/2025,"MIAMI, FL",35927.0,Termination via Mass Mod,1483967.0,5439856.0,U.S. AGNY FOR GL MED
233,,,,,,,,,2/25/2025,"KEY LARGO, FL",7993.0,Termination via Mass Mod,252011.0,1449237.0,NATIONAL OCEANIC ATMOSPHERIC ADMINISTRATION
234,,,,,,,,,2/25/2025,"OCALA, FL",5591.0,Termination via Mass Mod,120502.0,250907.0,RURAL HOUSING SERVICE
235,,,,,,,,,2/25/2025,"HOLLYWOOD, FL",3000.0,Termination via Mass Mod,79365.0,79365.0,BUREAU OF INDIAN AFFAIRS
236,,,,,,,,,2/25/2025,"FORT WALTON BEACH, FL",15264.0,Termination via Mass Mod,430699.0,1063177.0,BUREAU OF LABOR STATISTICS
237,,,,,,,,,2/25/2025,"DULUTH, GA",8574.0,Termination via Mass Mod,184341.0,568679.0,FEDERAL ENERGY REGULATORY COMMISSION
238,,,,,,,,,2/25/2025,"GRIFFIN, GA",3772.0,Termination via Mass Mod,30810.0,2532.0,NATURAL RESOURCES CONSERVATION SERVICE
239,,,,,,,,,2/25/2025,"ATLANTA, GA",27526.0,Termination via Mass Mod,634642.0,634642.0,SMALL BUSINESS ADMINISTRATION
240,,,,,,,,,2/25/2025,"ATLANTA, GA",35330.0,Termination via Mass Mod,738352.0,738352.0,UNITED STATES FISH AND WILDLIFE SERVICE
241,,,,,,,,,2/25/2025,"LEXINGTON-FAYETTE, KY",9600.0,Termination via Mass Mod,176031.0,557994.0,OFFICE OF SURFACE MINING AND REGULATION ENFORCEMENT
242,,,,,,,,,2/25/2025,"BEAVER DAM, KY",2814.0,Termination via Mass Mod,65454.0,172690.0,MINE SAFETY HEALTH ADMINISTRATION
243,,,,,,,,,2/25/2025,"PRESTONSBURG, KY",7378.0,Termination via Mass Mod,143326.0,454324.0,MINE SAFETY HEALTH ADMINISTRATION
244,,,,,,,,,2/25/2025,"JACKSON, MS",14840.0,Termination via Mass Mod,284889.0,1211365.0,UNITED STATES FISH AND WILDLIFE SERVICE
245,,,,,,,,,2/25/2025,"JACKSON, MS",3043.0,Termination via Mass Mod,64704.0,236303.0,OFFICE OF THE INSPECTOR GENERAL
246,,,,,,,,,2/25/2025,"GULFPORT, MS",8608.0,Termination via Mass Mod,200308.0,83965.0,ENVIRONMENTAL PROTECTION AGENCY
247,,,,,,,,,2/25/2025,"GREENWOOD, MS",7500.0,Termination via Mass Mod,123000.0,287449.0,NATURAL RESOURCES CONSERVATION SERVICE
248,,,,,,,,,2/25/2025,"RALEIGH, NC",10397.0,Termination via Mass Mod,306333.0,612666.0,EQUAL EMPLOYMENT OPPORTUNITY COMMISSION
249,,,,,,,,,2/25/2025,"CHARLOTTE, NC",5316.0,Termination via Mass Mod,104520.0,0.0,GEOLOGICAL SURVEY
250,,,,,,,,,2/25/2025,"GREENVILLE, SC",4989.0,Termination via Mass Mod,128616.0,380916.0,EQUAL EMPLOYMENT OPPORTUNITY COMMISSION
251,,,,,,,,,2/25/2025,"NASHVILLE, TN",14004.0,Termination via Mass Mod,388552.0,777105.0,FOOD AND DRUG ADMINISTRATION
252,,,,,,,,,2/25/2025,"MEMPHIS, TN",12305.0,Termination via Mass Mod,323607.0,701297.0,FOOD AND DRUG ADMINISTRATION
253,,,,,,,,,2/25/2025,"NASHVILLE, TN",4133.0,True Termination- Agency Closed Office,142577.0,0.0,SOCIAL SECURITY ADMINISTRATION
254,,,,,,,,,2/25/2025,"PEORIA, IL",1155.0,Termination via Mass Mod,19026.0,33256.0,FOOD AND DRUG ADMINISTRATION
255,,,,,,,,,2/25/2025,"CHICAGO, IL",13531.0,Termination via Mass Mod,471820.0,943641.0,FEDERAL TRANSIT ADMINISTRATION
256,,,,,,,,,2/25/2025,"SPRINGFIELD, IL",3253.0,Termination via Mass Mod,63848.0,53003.0,DEPARTMENTAL MANAGEMENT (IG)
257,,,,,,,,,2/25/2025,"SPRINGFIELD, IL",2022.0,Termination via Mass Mod,34756.0,41231.0,SMALL BUSINESS ADMINISTRATION
258,,,,,,,,,2/25/2025,"FISHERS, IN",2850.0,Termination via Mass Mod,53750.0,22531.0,OFFICE OF THE SECRETARY
259,,,,,,,,,2/25/2025,"SOUTH BEND, IN",1734.0,Termination via Mass Mod,29044.0,14403.0,FOOD AND DRUG ADMINISTRATION
260,,,,,,,,,2/25/2025,"GRIFFITH, IN",3170.0,Termination via Mass Mod,85467.0,370670.0,"CORPS OF ENGINEERS, CIVIL"
261,,,,,,,,,2/25/2025,"SOUTH ST PAUL, MN",2489.0,Termination via Mass Mod,48727.0,35644.0,ANIMAL AND PLANT HEALTH INSPECTION SERVICE
262,,,,,,,,,2/25/2025,"CRANE LAKE, MN",2512.0,Termination via Mass Mod,44476.0,85175.0,NATIONAL PARK SERVICE
263,,,,,,,,,2/25/2025,"GAHANNA, OH",5292.0,Termination via Mass Mod,107200.0,339811.0,UNITED STATES FISH AND WILDLIFE SERVICE
264,,,,,,,,,2/25/2025,"CLEVELAND, OH",18996.0,Termination via Mass Mod,397983.0,16355.0,INTERNAL REVENUE SERVICE NATIONAL OFFICE
265,,,,,,,,,2/25/2025,"MANSFIELD, OH",3738.0,Termination via Mass Mod,46239.0,3800.0,INTERNAL REVENUE SERVICE NATIONAL OFFICE
266,,,,,,,,,2/25/2025,"CINCINNATI, OH",4449.0,Termination via Mass Mod,103232.0,146505.0,OFFICE OF LABOR MANAGEMENT STANDARDS
267,,,,,,,,,2/25/2025,"CLEVELAND, OH",9340.0,Termination via Mass Mod,207729.0,103011.0,FEDERAL TRADE COMMISSION
268,,,,,,,,,2/25/2025,"COLUMBUS, OH",20338.0,Termination via Mass Mod,261812.0,1615345.0,GEOLOGICAL SURVEY
269,,,,,,,,,2/25/2025,"NEW PHILADELPHIA, OH",2765.0,Termination via Mass Mod,52596.0,62395.0,GEOLOGICAL SURVEY
270,,,,,,,,,2/25/2025,"AMES, IA",10056.0,Termination via Mass Mod,216276.0,847327.0,FEDERAL HIGHWAY ADMINISTRATION
271,,,,,,,,,2/25/2025,"TOPEKA, KS",6572.0,Termination via Mass Mod,134940.0,12570.0,FEDERAL HIGHWAY ADMINISTRATION
272,,,,,,,,,2/25/2025,"KANSAS CITY, KS",14046.0,Termination via Mass Mod,278861.0,560778.0,EQUAL EMPLOYMENT OPPORTUNITY COMMISSION
273,,,,,,,,,2/25/2025,"MANHATTAN, KS",6932.0,Termination via Mass Mod,142168.0,84132.0,UNITED STATES FISH AND WILDLIFE SERVICE
274,,,,,,,,,2/25/2025,"KANSAS CITY, KS",69437.0,Termination via Mass Mod,1463756.0,2189619.0,OFFICE OF THE SECRETARY
275,,,,,,,,,2/25/2025,"WICHITA, KS",1700.0,Termination via Mass Mod,47273.0,76543.0,FOOD AND DRUG ADMINISTRATION
276,,,,,,,,,2/25/2025,"GLADSTONE, MO",1378.0,Termination via Mass Mod,28600.0,64330.0,ANIMAL AND PLANT HEALTH INSPECTION SERVICE
277,,,,,,,,,2/25/2025,"COLUMBIA, MO",15011.0,Termination via Mass Mod,265088.0,854819.0,UNITED STATES FISH AND WILDLIFE SERVICE
278,,,,,,,,,2/25/2025,"JEFFERSON CITY, MO",6440.0,Termination via Mass Mod,83833.0,29858.0,FEDERAL HIGHWAY ADMINISTRATION
279,,,,,,,,,2/25/2025,"CONWAY, AR",5171.0,Termination via Mass Mod,106150.0,258540.0,NATURAL RESOURCES CONSERVATION SERVICE
280,,,,,,,,,2/25/2025,"NEW ORLEANS, LA",970.0,Termination via Mass Mod,17460.0,21813.0,BUREAU OF MINERALS MANAGEMENT SERVICE
281,,,,,,,,,2/25/2025,"RATON, NM",2166.0,Termination via Mass Mod,32212.0,2648.0,NATURAL RESOURCES CONSERVATION SERVICE
282,,,,,,,,,2/25/2025,"ZUNI, NM",2117.0,Termination via Mass Mod,40252.0,20071.0,BUREAU OF INDIAN AFFAIRS
283,,,,,,,,,2/25/2025,"GALLUP, NM",2499.0,Termination via Mass Mod,61124.0,416316.0,NATURAL RESOURCES CONSERVATION SERVICE
284,,,,,,,,,2/25/2025,"WATONGA, OK",2850.0,Termination via Mass Mod,38973.0,64812.0,BUREAU OF INDIAN AFFAIRS
285,,,,,,,,,2/25/2025,"SEMINOLE, OK",9825.0,Termination via Mass Mod,184770.0,199957.0,BUREAU OF INDIAN AFFAIRS
286,,,,,,,,,2/25/2025,"PAWNEE, OK",7549.0,Termination via Mass Mod,156171.0,169007.0,BUREAU OF INDIAN AFFAIRS
287,,,,,,,,,2/25/2025,"SAN ANTONIO, TX",2149.0,Termination via Mass Mod,49427.0,359937.0,DEPARTMENTAL MANAGEMENT (IG)
288,,,,,,,,,2/25/2025,"LONGVIEW, TX",320.0,Termination via Mass Mod,5101.0,11473.0,"EMPLOYMENT STANDARDS ADMINISTRATION, WAGE AND HOUR DIVI"
289,,,,,,,,,2/25/2025,"IRVING, TX",5788.0,Termination via Mass Mod,110632.0,402517.0,FOOD AND DRUG ADMINISTRATION
290,,,,,,,,,2/25/2025,"SAN ANTONIO, TX",14478.0,Termination via Mass Mod,284992.0,903384.0,NATIONAL PARK SERVICE
291,,,,,,,,,2/25/2025,"SAN ANGELO, TX",7510.0,Termination via Mass Mod,122531.0,203436.0,GEOLOGICAL SURVEY
292,,,,,,,,,2/25/2025,"SAN ANTONIO, TX",20950.0,Termination via Mass Mod,463053.0,2277206.0,GEOLOGICAL SURVEY
293,,,,,,,,,2/25/2025,"DALLAS, TX",15255.0,Termination via Mass Mod,423186.0,0.0,FEDERAL TRADE COMMISSION
294,,,,,,,,,2/25/2025,"EL PASO, TX",7973.0,Termination via Mass Mod,154936.0,306476.0,EQUAL EMPLOYMENT OPPORTUNITY COMMISSION
295,,,,,,,,,2/25/2025,"SAN ANTONIO, TX",4775.0,Termination via Mass Mod,116130.0,19408.0,OFFICE OF PERSONNEL MANAGEMENT
296,,,,,,,,,2/25/2025,"SAN ANTONIO, TX",5036.0,Termination via Mass Mod,129035.0,162973.0,"EMPLOYMENT STANDARDS ADMINISTRATION, WAGE AND HOUR DIVI"
297,,,,,,,,,2/25/2025,"BEAUMONT, TX",2404.0,Termination via Mass Mod,49665.0,17689.0,MARITIME ADMINISTRATION
298,,,,,,,,,2/25/2025,"DURANGO, CO",1245.0,Termination via Mass Mod,35074.0,39206.0,"CORPS OF ENGINEERS, CIVIL"
299,,,,,,,,,2/25/2025,"BOULDER, CO",29170.0,Termination via Mass Mod,913334.0,75069.0,GEOLOGICAL SURVEY
300,,,,,,,,,2/25/2025,"FARGO, ND",8834.0,True Termination- Agency Closed Office,206300.0,896416.0,NATURAL RESOURCES CONSERVATION SERVICE
301,,,,,,,,,2/25/2025,"BISMARCK, ND",21372.0,Termination via Mass Mod,429112.0,377384.0,UNITED STATES FISH AND WILDLIFE SERVICE
302,,,,,,,,,2/25/2025,"FORT THOMPSON, SD",4870.0,Termination via Mass Mod,58976.0,139764.0,BUREAU OF INDIAN AFFAIRS
303,,,,,,,,,2/25/2025,"SISSETON, SD",4911.0,Termination via Mass Mod,180008.0,14795.0,BUREAU OF INDIAN AFFAIRS
304,,,,,,,,,2/25/2025,"SIOUX FALLS, SD",3810.0,Termination via Mass Mod,87563.0,323624.0,SMALL BUSINESS ADMINISTRATION
305,,,,,,,,,2/25/2025,"CHEYENNE, WY",9521.0,Termination via Mass Mod,183415.0,1054760.0,GEOLOGICAL SURVEY
306,,,,,,,,,2/25/2025,"TEMPE, AZ",4176.0,Termination via Mass Mod,151150.0,1423706.0,FOOD AND DRUG ADMINISTRATION
307,,,,,,,,,2/25/2025,"PHOENIX, AZ",71591.0,Termination via Mass Mod,1784239.0,7293384.0,BUREAU OF INDIAN AFFAIRS
308,,,,,,,,,2/25/2025,"NOGALES, AZ",2506.0,Termination via Mass Mod,68994.0,114738.0,FEDERAL MOTOR CARRIER SAFETY ADMINISTRATION
309,,,,,,,,,2/25/2025,"TUCSON, AZ",4791.0,Termination via Mass Mod,126942.0,708786.0,UNITED STATES FISH AND WILDLIFE SERVICE
310,,,,,,,,,2/25/2025,"PHOENIX, AZ",22915.0,Termination via Mass Mod,562209.0,1336979.0,EQUAL EMPLOYMENT OPPORTUNITY COMMISSION
311,,,,,,,,,2/25/2025,"APPLE VALLEY, CA",3755.0,Termination via Mass Mod,78724.0,328269.0,"CORPS OF ENGINEERS, CIVIL"
312,,,,,,,,,2/25/2025,"TEMECULA, CA",3531.0,Termination via Mass Mod,111187.0,315284.0,BUREAU OF RECLAMATION
313,,,,,,,,,2/25/2025,"WOODLAND, CA",5240.0,Termination via Mass Mod,117085.0,146276.0,NATURAL RESOURCES CONSERVATION SERVICE
314,,,,,,,,,2/25/2025,"MONTEREY PARK, CA",6917.0,Termination via Mass Mod,193399.0,361895.0,DEPARTMENTAL MANAGEMENT (IG)
315,,,,,,,,,2/25/2025,"ONTARIO, CA",8559.0,Termination via Mass Mod,255184.0,430667.0,PIPELINE & HAZARDOUS MATERIALS SAFETY ADMIN (PHMSA)
316,,,,,,,,,2/25/2025,"LOMPOC, CA",5400.0,Termination via Mass Mod,127062.0,223142.0,FAS REG 09 MAINTENANCE CONTROL CENTER
317,,,,,,,,,2/25/2025,"LOS ANGELES, CA",7100.0,Termination via Mass Mod,313985.0,552270.0,FEDERAL HIGHWAY ADMINISTRATION
318,,,,,,,,,2/25/2025,"CAMARILLO, CA",27345.0,Termination via Mass Mod,868837.0,3532477.0,BUREAU OF MINERALS MANAGEMENT SERVICE
319,,,,,,,,,2/25/2025,"MADERA, CA",3858.0,Termination via Mass Mod,115740.0,96080.0,FARM SERVICE AGENCY- STATE
320,,,,,,,,,2/25/2025,"WEAVERVILLE, CA",4980.0,Termination via Mass Mod,182784.0,501.0,BUREAU OF RECLAMATION
321,,,,,,,,,2/25/2025,"ORANGE, CA",2082.0,Termination via Mass Mod,82733.0,287637.0,"EMPLOY. STANDARDS ADMIN., OFC OF CONTRACT COMPLIANCE PR"
322,,,,,,,,,2/25/2025,"HILO, HI",4638.0,Termination via Mass Mod,164391.0,150429.0,NATIONAL OCEANIC ATMOSPHERIC ADMINISTRATION
323,,,,,,,,,2/25/2025,"ELKO, NV",4760.0,Termination via Mass Mod,134297.0,257924.0,BUREAU OF INDIAN AFFAIRS
324,,,,,,,,,2/25/2025,"WASILLA, AK",4200.0,Termination via Mass Mod,100700.0,565024.0,NATURAL RESOURCES CONSERVATION SERVICE
325,,,,,,,,,2/25/2025,"IDAHO FALLS, ID",13681.0,Termination via Mass Mod,69756.0,488672.0,NATIONAL OCEANIC ATMOSPHERIC ADMINISTRATION
326,,,,,,,,,2/25/2025,"BOISE, ID",5179.0,Termination via Mass Mod,111193.0,1025719.0,FEDERAL HIGHWAY ADMINISTRATION
327,,,,,,,,,2/25/2025,"SALEM, OR",6589.0,Termination via Mass Mod,158557.0,927450.0,FEDERAL HIGHWAY ADMINISTRATION
328,,,,,,,,,2/25/2025,"SALEM, OR",2200.0,Termination via Mass Mod,50786.0,285097.0,FEDERAL MOTOR CARRIER SAFETY ADMINISTRATION
329,,,,,,,,,2/25/2025,"BEND, OR",3386.0,Termination via Mass Mod,95358.0,734912.0,BUREAU OF RECLAMATION
330,,,,,,,,,2/25/2025,"CORVALLIS, OR",6849.0,Termination via Mass Mod,202142.0,1425515.0,GEOLOGICAL SURVEY
331,,,,,,,,,2/25/2025,"PORTLAND, OR",4987.0,Termination via Mass Mod,87362.0,135710.0,NATURAL RESOURCES CONSERVATION SERVICE
332,,,,,,,,,2/25/2025,"KLAMATH FALLS, OR",8913.0,Termination via Mass Mod,72848.0,0.0,GEOLOGICAL SURVEY
333,,,,,,,,,2/25/2025,"SPOKANE VALLEY, WA",13196.0,Termination via Mass Mod,260022.0,2210543.0,GEOLOGICAL SURVEY
334,,,,,,,,,2/25/2025,"PUYALLUP, WA",2930.0,Termination via Mass Mod,85745.0,307038.0,NATURAL RESOURCES CONSERVATION SERVICE
335,,,,,,,,,2/25/2025,"HYATTSVILLE, MD",76372.0,True Termination- Move to Federal Space,2568071.0,4390347.0,DEPT OF TREASURY-BUREAU OF THE FISCAL SERVICE
336,,,,,,,,,2/24/2025,"STAMFORD, CT",1380.0,Termination via Mass Mod,71191.0,308951.0,ENVIRONMENTAL PROTECTION AGENCY
337,,,,,,,,,2/24/2025,"NEW LONDON, CT",1303.0,Termination via Mass Mod,41732.0,104502.0,OFFICE OF ADMINISTRATIVE LAW JUDGES
338,,,,,,,,,2/24/2025,"SPRINGFIELD, MA",894.0,Termination via Mass Mod,20562.0,61742.0,SMALL BUSINESS ADMINISTRATION
339,,,,,,,,,2/24/2025,"LOWELL, MA",3900.0,GSA and NPS identified this as a termination project,44853.0,152377.0,NATIONAL PARK SERVICE
340,,,,,,,,,2/24/2025,"SUTTON, MA",1273.0,Termination via Mass Mod,33554.0,68672.0,ANIMAL AND PLANT HEALTH INSPECTION SERVICE
341,,,,,,,,,2/24/2025,"EVERETT, MA",2789.0,Termination via Mass Mod,122029.0,387151.0,AGRICULTURAL MARKETING SERVICE
342,,,,,,,,,2/24/2025,"LOWELL, MA",36752.0,True Termination- Move to Federal Space,1189592.0,0.0,INTERNAL REVENUE SERVICE NATIONAL OFFICE
343,,,,,,,,,2/24/2025,"SAN SEBASTIAN, PR",1810.0,Termination via Mass Mod,75610.0,56760.0,NATURAL RESOURCES CONSERVATION SERVICE
344,,,,,,,,,2/24/2025,"STATE COLLEGE, PA",443.0,Termination via Mass Mod,12232.0,45912.0,"EMPLOYMENT STANDARDS ADMINISTRATION, WAGE AND HOUR DIVI"
345,,,,,,,,,2/24/2025,"HAMPTON, VA",911.0,Batch 1 Termination. Effective date of 6.30.25,17890.0,6911.0,NATIONAL OCEANIC ATMOSPHERIC ADMINISTRATION
346,,,,,,,,,2/24/2025,"SEFFNER, FL",1525.0,Termination via Mass Mod,21855.0,7365.0,NATIONAL OCEANIC ATMOSPHERIC ADMINISTRATION
347,,,,,,,,,2/24/2025,"HAZARD, KY",1652.0,True Termination- Agency Closed Office,38031.0,6147.0,SSA
348,,,,,,,,,2/24/2025,"LEXINGTON-FAYETTE, KY",1200.0,True Termination- Agency Closed Office,15143.0,15434.0,SMALL BUSINESS ADMINISTRATION
349,,,,,,,,,2/24/2025,"GREENSBORO, NC",30123.0,True Termination- Agency Closed Office,731294.0,2436313.0,NATURAL RESOURCES CONSERVATION SERVICE
350,,,,,,,,,2/24/2025,"RALEIGH, NC",5287.0,True Termination- Move to Federal Space,142636.0,0.0,BU ALC TOB FRMS XPL
351,,,,,,,,,2/24/2025,"WILMINGTON, NC",4349.0,True Termination- Agency Closed Office,53011.0,84963.0,CORPS ENGR CVL APPND
352,,,,,,,,,2/24/2025,"GREENSBORO, NC",648.0,True Termination- Agency Closed Office,10928.0,14641.0,SBA
353,,,,,,,,,2/24/2025,"AIKEN, SC",2250.0,True Termination- Agency Closed Office,43133.0,205027.0,SAVANNAH RIVER OPERATIONS OFFICE
354,,,,,,,,,2/24/2025,"CARMEL, IN",247.0,Termination via Mass Mod,4199.0,11907.0,FEDERAL ENERGY REGULATORY COMMISSION
355,,,,,,,,,2/24/2025,"DAVENPORT, IA",695.0,Termination via Mass Mod,12312.0,37442.0,FOOD AND DRUG ADMINISTRATION
356,,,,,,,,,2/24/2025,"JONESBORO, AR",2340.0,Agency approved lease termination,64998.0,197132.0,SOCIAL SECURITY ADMINISTRATION
357,,,,,,,,,2/24/2025,"TEXARKANA, AR",1436.0,Agency approved lease termination,25643.0,37797.0,SOCIAL SECURITY ADMINISTRATION
358,,,,,,,,,2/24/2025,"LITTLE ROCK, AR",3974.0,Agency approved lease termination,85875.0,0.0,USDA AMS
359,,,,,,,,,2/24/2025,"UVALDE, TX",920.0,Termination via Mass Mod,20070.0,58615.0,ANIMAL AND PLANT HEALTH INSPECTION SERVICE
360,,,,,,,,,2/24/2025,"HARLINGEN, TX",612.0,Termination via Mass Mod,8874.0,15559.0,"EMPLOYMENT STANDARDS ADMINISTRATION, WAGE AND HOUR DIVI"
361,,,,,,,,,2/24/2025,"ABILENE, TX",1342.0,Agency approved of termination,26261.0,39859.0,SOCIAL SECURITY ADMINISTRATION
362,,,,,,,,,2/24/2025,"GRAND JUNCTION, CO",1444.0,True Termination- Agency Closed Office,25217.0,119868.0,UNITED STATES FISH AND WILDLIFE SERVICE
363,,,,,,,,,2/24/2025,"PABLO, MT",620.0,Termination via Mass Mod,10418.0,885.0,ID BUR INDIAN AFF
364,,,,,,,,,2/24/2025,"HELENA, MT",1810.0,True Termination- Agency Closed Office,39248.0,26129.0,FEDERAL MOTOR CARRIER SAFETY ADMINISTRATION
365,,,,,,,,,2/24/2025,"SIOUX FALLS, SD",2553.0,Termination via Mass Mod,67904.0,164272.0,OFFICE OF THE SECRETARY
366,,,,,,,,,2/24/2025,"SHOW LOW, AZ",460.0,Termination via Mass Mod,11013.0,6487.0,SMALL BUSINESS ADMINISTRATION
367,,,,,,,,,2/24/2025,"OXNARD, CA",1209.0,Termination via Mass Mod,53075.0,75323.0,NATURAL RESOURCES CONSERVATION SERVICE
368,,,,,,,,,2/24/2025,"BOISE, ID",44623.0,Termination via Mass Mod,1204491.0,5623156.0,ANIMAL AND PLANT HEALTH INSPECTION SERVICE
369,,,,,,,,,2/21/2025,"HORSEHEADS, NY",11400.0,Agency response on no longer a need for space provided by Portfolio.,313948.0,0.0,SOCIAL SECURITY ADMINISTRATION
370,,,,,,,,,2/21/2025,"MOBILE, AL",5118.0,True Termination- Agency Closed Office,112596.0,244009.0,EQUAL EMPLOYMENT OPPORTUNITY COMMISSION
371,,,,,,,,,2/21/2025,"GADSDEN, AL",1450.0,True Termination- Agency Closed Office,32357.0,67462.0,SOCIAL SECURITY ADMINISTRATION
372,,,,,,,,,2/21/2025,"MELBOURNE, FL",570.0,True Termination- Agency Closed Office,8862.0,0.0,SMALL BUSINESS ADMINISTRATION
373,,,,,,,,,2/21/2025,"OXFORD, MS",600.0,True Termination- Agency Closed Office,9228.0,16535.0,JD US MARSHALS SRV
374,,,,,,,,,2/21/2025,"PEARL, MS",7161.0,True Termination- Agency Closed Office,112316.0,5231.0,NATURAL RESOURCES CONSERVATION SERVICE
375,,,,,,,,,2/21/2025,"COLLIERVILLE, TN",2190.0,True Termination- Agency Closed Office,40141.0,139779.0,FED MED & CONCIL SRV
376,,,,,,,,,2/21/2025,"PORTSMOUTH, OH",1415.0,True Termination- Agency Closed Office,36706.0,92317.0,SOCIAL SECURITY ADMINISTRATION
377,,,,,,,,,2/21/2025,"ST. LOUIS, MO",4237.0,True Termination- Agency Closed Office,122625.0,337639.0,FED MED & CONCIL SRV
378,,,,,,,,,2/21/2025,"CRAIG, CO",4328.0,"Termination details are still being finalized. The lessor and customer have been notified, and the strategy is under development.",184283.0,77247.0,MINE SAFETY HEALTH ADMINISTRATION
379,,,,,,,,,2/21/2025,"SHELBY, MT",16292.0,True Termination- Agency Closed Office,363559.0,0.0,BORDER PATROL F
380,,,,,,,,,2/21/2025,"BISMARCK, ND",0.0,True Termination- Agency Closed Office,2016.0,2563.0,FAS REG8 FLT MGT FAC
381,,,,,,,,,2/21/2025,"CHICO, CA",315.0,True Termination- Agency Closed Office,7560.0,0.0,SMALL BUSINESS ADMINISTRATION
382,,,,,,,,,2/21/2025,"PORTLAND, OR",5485.0,Agency indicated they could release this space if replacement space was procured. ,132796.0,0.0,AGRICULTURAL MARKETING SERVICE
383,,,,,,,,,2/21/2025,"HERNDON, VA",4539.0,True Termination- Agency Closed Office,129438.0,5319.0,BUR OF INDUSTRY & SECURITY
384,,,,,,,,,2/20/2025,"HARTFORD, CT",0.0,True Termination- Agency Closed Office,8400.0,23382.0,FAS REG1 FLT MGT FAC
385,,,,,,,,,2/20/2025,"JACKSONVILLE, FL",12353.0,True Termination- Agency Closed Office,243409.0,0.0,USA AFR
386,,,,,,,,,2/20/2025,"MELBOURNE, FL",1415.0,True Termination- Agency Closed Office,59697.0,263973.0,SOCIAL SECURITY ADMINISTRATION
387,,,,,,,,,2/20/2025,"ST. JOSEPH, MO",1449.0,True Termination- Consolidation,34598.0,0.0,FEDERAL BUREAU OF INVESTIGATION
388,,,,,,,,,2/20/2025,"BOULDER, CO",3830.0,"Termination details are still being finalized. The lessor and customer have been notified, and the strategy is under development.",85086.0,399788.0,GEOLOGICAL SURVEY
389,,,,,,,,,2/20/2025,"YREKA, CA",6242.0,True Termination: Agency Approved Termination,126132.0,129242.0,NATURAL RESOURCES CONSERVATION SERVICE
390,,,,,,,,,2/20/2025,"ARLINGTON, VA",88469.0,True Termination- Move to Federal Space,3016102.0,0.0,LD MINE SAFE HEALTH
391,,,,,,,,,2/19/2025,"ROCK ISLAND, IL",10895.0,Agency moving to Rock Island Leased Courthouse,192352.0,192352.0,U.S. IMMIGRATION & CUSTOMS ENFORCEMENT (ICE)
392,,,,,,,,,2/18/2025,"RENSSELAER, NY",115.0,True Termination- Vacant Space Buyout,2500.0,48.0,FPS-DHS-MGMT
393,,,,,,,,,2/18/2025,"SAINT AUGUSTINE, FL",4045.0,Agency entering into a license agreement with Northrop Grumman for their space,78878.0,0.0,DOD DEF CONT MGT AGY
394,,,,,,,,,2/18/2025,"ROCKFORD, IL",1743.0,True Termination- Agency Closed Office,36768.0,62355.0,SOCIAL SECURITY ADMINISTRATION
395,,,,,,,,,2/14/2025,"CHATTANOOGA, TN",1023.0,True Termination- Agency Closed Office,19938.0,5026.0,FIELD OPERATIONS FAC
396,,,,,,,,,2/14/2025,"ST. LOUIS, MO",3392.0,True Termination- Agency Closed Office,85087.0,0.0,DEFENSE COUNTERINTELLIGENCE AND SECURITY AGENCY – DOD W
397,,,,,,,,,2/13/2025,"ATLANTA, GA",7682.0,True Termination- Agency Closed Office,128233.0,545957.0,ALLOWANCE TO FORMER PRESIDENTS
398,,,,,,,,,2/13/2025,"ATLANTA, GA",8360.0,True Termination- Move to Federal Space,223483.0,12858.0,FTC
399,,,,,,,,,2/13/2025,"WASHINGTON, DC",59681.0,True Termination- Move to Federal Space,2774013.0,0.0,DHS UNDERSEC FOR MGM
400,,,,,,,,,2/13/2025,"SILVER SPRING, MD",64471.0,True Termination- Agency Closed Office,2006132.0,0.0,HHS FDA
401,,,,,,,,,2/13/2025,"DERWOOD, MD",29744.0,True Termination- Agency Closed Office,884357.0,0.0,HHS FDA
402,,,,,,,,,2/12/2025,"CHARLOTTE AMALIE, VI",1277.0,True Termination- Agency Closed Office,67411.0,0.0,ENVIRONMENTAL PROTECTION AGENCY
403,,,,,,,,,2/12/2025,"MERRILL, WI",393.0,True Termination- Agency Closed Office,6067.0,6067.0,DEFENSE CONTRACT MANAGEMENT AGENCY- NATIONAL
404,,,,,,,,,2/12/2025,"FOLSOM, CA",1330.0,True Termination- Agency Closed Office,39208.0,78417.0,DOE FERC
405,,,,,,,,,2/12/2025,"LAS VEGAS, NV",1895.0,True Termination- Move to Federal Space,65406.0,17203.0,SSA
406,,,,,,,,,2/12/2025,"WASHINGTON, DC",66390.0,True Termination- Move to Federal Space,2385019.0,0.0,OFFICE OF MANAGEMENT
407,,,,,,,,,2/12/2025,"LORTON, VA",15280.0,True Termination- Agency Closed Office,342689.0,0.0,General Services Administration
408,,,,,,,,,2/11/2025,"RANCHO CORDOVA, CA",18414.0,True Termination- Agency Closed Office,223462.0,446924.0,VBA
409,,,,,,,,,2/10/2025,"SAN JOSE, CA",4562.0,True Termination- Agency Closed Office,257302.0,0.0,DEF CONT MANA AGNEY
410,,,,,,,,,2/10/2025,"WASHINGTON, DC",17593.0,True Termination- Agency Closed Office,795617.0,0.0,USDA FS
411,,,,,,,,,2/7/2025,"HOFFMAN ESTATES, IL",73573.0,True Termination- Consolidation,1480913.0,746542.0,NATIONAL ARCHIVES CENTERS
412,,,,,,,,,2/7/2025,"SANTA MARIA, CA",6440.0,True Termination- Agency Direct Lease,118513.0,237027.0,GEOLOGICAL SURVEY
413,,,,,,,,,2/7/2025,"MENLO PARK, CA",20000.0,True Termination- Agency Direct Lease,1800000.0,0.0,ID GEOLOGICAL SURVEY
414,,,,,,,,,2/6/2025,"MCLEANSVILLE, NC",6913.0,True Termination- Agency Closed Office,156339.0,347800.0,DOD DCAA
415,,,,,,,,,2/6/2025,"ROANOKE RAPIDS, NC",982.0,True Termination- Lease Backfill,24000.0,0.0,SOCIAL SECURITY ADMINISTRATION
416,,,,,,,,,2/6/2025,"OKEMOS, MI",4276.0,True Termination- Agency Closed Office,108966.0,0.0,SOCIAL SECURITY ADMINISTRATION
417,,,,,,,,,2/6/2025,"COLUMBUS, OH",3999.0,True Termination- Move to Federal Space,81059.0,0.0,SOCIAL SECURITY ADMINISTRATION
418,,,,,,,,,2/6/2025,"COLUMBUS, OH",61371.0,True Termination- Move to Federal Space,1525086.0,0.0,BANKRUPTCY CLERK
419,,,,,,,,,2/6/2025,"TOLEDO, OH",6834.0,True Termination- Move to Federal Space,146733.0,0.0,PROBATION
420,,,,,,,,,2/6/2025,"FAIRFIELD, OH",124569.0,True Termination- Agency Closed Office,478213.0,58958.0,NATIONAL ARCHIVES CENTERS
421,,,,,,,,,2/6/2025,"GREEN BAY, WI",976.0,True Termination- Consolidation,26229.0,0.0,SOCIAL SECURITY ADMINISTRATION
422,,,,,,,,,2/6/2025,"BATESVILLE, AR",1934.0,True Termination- Agency Direct Lease,29010.0,0.0,SOCIAL SECURITY ADMINISTRATION
423,,,,,,,,,2/6/2025,"CARNEGIE, OK",0.0,True Termination- Agency Closed Office,2798.0,6241.0,BUREAU OF INDIAN AFFAIRS
424,,,,,,,,,2/6/2025,"BROKEN BOW, OK",2325.0,True Termination- Agency Closed Office,30612.0,60050.0,ID FISH&WLF SRVC
425,,,,,,,,,2/6/2025,"BROWNSVILLE, TX",748.0,True Termination- Agency Closed Office,18287.0,91487.0,General Services Administration
426,,,,,,,,,2/6/2025,"EL PASO, TX",3409.0,True Termination- Move to Federal Space,75290.0,150373.0,ID GEOLOGICAL SURVEY
427,,,,,,,,,2/6/2025,"MCALLEN, TX",2597.0,True Termination- Agency Closed Office,79520.0,284746.0,ID FISH&WLF SRVC
428,,,,,,,,,2/6/2025,"WASHINGTON, DC",30193.0,True Termination- Agency Closed Office,1462643.0,0.0,DOE FERC
429,,,,,,,,,2/5/2025,"BUFFALO, NY",18163.0,True Termination- Consolidation,548896.0,0.0,DEFENSE CONTRACT MANAGEMENT AGENCY- NATIONAL
430,,,,,,,,,2/5/2025,"JACKSONVILLE, FL",1155.0,True Termination- Move to Federal Space,27616.0,7566.0,DEFENSE COUNTERINTELLIGENCE AND SECURITY AGENCY – DOD W
431,,,,,,,,,2/5/2025,"MIDDLEBURG HEIGHTS, OH",1000.0,True Termination- Agency Closed Office,15299.0,0.0,BU ALC TOB FRMS XPL
432,,,,,,,,,2/5/2025,"MILWAUKEE, WI",7322.0,True Termination- Move to Federal Space,186700.0,36829.0,DEFENSE CONTRACT MANAGEMENT AGENCY- NATIONAL
433,,,,,,,,,2/5/2025,"FAYETTEVILLE, AR",440.0,True Termination- Move to Federal Space,11096.0,0.0,"EMPLOYMENT STANDARDS ADMINISTRATION, WAGE AND HOUR DIVI"
434,,,,,,,,,2/5/2025,"ALBUQUERQUE, NM",5624.0,True Termination- Consolidation,67317.0,336585.0,DOD JTO
435,,,,,,,,,2/5/2025,"LAS CRUCES, NM",1120.0,True Termination- Move to Federal Space,27109.0,8690.0,VETERANS BENEFITS ADMINISTRATION
436,,,,,,,,,2/5/2025,"HOUSTON, TX",555.0,True Termination- Agency Closed Office,13547.0,67771.0,FED MARITIME COMM
437,,,,,,,,,2/5/2025,"AUBURN, CA",1228.0,True Termination- Agency Closed Office,31025.0,62051.0,USAF DEPT
438,,,,,,,,,2/4/2025,"NORTH ANDOVER CENTER, MA",5300.0,True Termination- Consolidation,116190.0,69396.0,DRUG ENFORCEMENT ADMINISTRATION
439,,,,,,,,,2/4/2025,"LEBANON, NH",959.0,True Termination- Agency Closed Office,29098.0,0.0,SMALL BUSINESS ADMINISTRATION
440,,,,,,,,,2/4/2025,"REHOBOTH BEACH, DE",1300.0,True Termination- Agency Closed Office,120000.0,0.0,DHS USSS
441,,,,,,,,,2/4/2025,"REHOBOTH BEACH, DE",2400.0,True Termination- Agency Closed Office,308975.0,0.0,DHS USSS
442,,,,,,,,,2/4/2025,"WILMINGTON, DE",2350.0,True Termination- Agency Closed Office,89250.0,0.0,DOD WHS
443,,,,,,,,,2/4/2025,"REHOBOTH BEACH, DE",2740.0,True Termination- Agency Closed Office,156300.0,0.0,DOD DISA
444,,,,,,,,,2/4/2025,"WILMINGTON, DE",13441.0,True Termination- Agency Closed Office,528160.0,0.0,DHS USSS
445,,,,,,,,,2/4/2025,"WILMINGTON, DE",0.0,True Termination- Agency Closed Office,249975.0,0.0,DHS UNITED STATES SECRET SERVICE
446,,,,,,,,,2/4/2025,"PHILADELPHIA, PA",1000.0,True Termination- Agency Closed Office,39348.0,0.0,DHS USSS
447,,,,,,,,,2/4/2025,"MOBILE, AL",23860.0,True Termination- Agency Direct Lease,722044.0,0.0,"CORPS OF ENGINEERS, CIVIL"
448,,,,,,,,,2/4/2025,"CHAMPAIGN, IL",2958.0,True Termination- Agency Closed Office,57893.0,0.0,TD OFF CMPT CRRNCY
449,,,,,,,,,2/4/2025,"DAYTON, OH",2257.0,True Termination- Agency Closed Office,33574.0,0.0,JD US TRUSTEES
450,,,,,,,,,2/4/2025,"AKRON, OH",3201.0,True Termination- Move to Federal Space,48404.0,0.0,DEFENSE CONTRACT MANAGEMENT AGENCY- NATIONAL
451,,,,,,,,,2/4/2025,"MADISON, WI",2871.0,True Termination- Agency Closed Office,58142.0,290868.0,ID FISH&WLF SRVC
452,,,,,,,,,2/4/2025,"DAVENPORT, IA",351.0,True Termination- Agency Closed Office,6435.0,20555.0,LD BAT
453,,,,,,,,,2/4/2025,"AUSTIN, TX",0.0,True Termination- Agency Closed Office,139440.0,23304.0,U.S. IMMIGRATION & CUSTOMS ENFORCEMENT (ICE)
454,,,,,,,,,2/4/2025,"ABILENE, TX",4998.0,True Termination- Agency Closed Office,68743.0,0.0,DHS TSA
455,,,,,,,,,2/4/2025,"CARLSBAD, CA",3579.0,True Termination- Consolidation,116449.0,134634.0,SOCIAL SECURITY ADMINISTRATION
456,,,,,,,,,2/4/2025,"YAKIMA, WA",330.0,True Termination- Vacant Space Buyout,2580.0,1647.0,JD DRUG ENF
457,,,,,,,,,2/4/2025,"SEATTLE, WA",23394.0,True Termination- Move to Federal Space,1052732.0,0.0,GOVERNMENT ACCOUNTABILITY OFFICE
458,,,,,,,,,2/3/2025,"LOGAN, WV",7852.0,True Termination- Agency Closed Office,196028.0,0.0,SSA
459,,,,,,,,,2/3/2025,"LOS ANGELES, CA",6610.0,True Termination- Agency Closed Office,463440.0,0.0,DOD WHS
460,,,,,,,,,2/3/2025,"WASHINGTON, DC",5255.0,True Termination- Consolidation,266445.0,0.0,DEPARTMENT OF EDUCATION
461,,,,,,,,,2/2/2025,"TOPEKA, KS",5560.0,True Termination- Agency Closed Office,121818.0,974547.0,USDA RMA
462,,,,,,,,,1/31/2025,"NEW YORK, NY",250.0,True Termination- Agency Closed Office,63000.0,0.0,DHS USSS
463,,,,,,,,,1/31/2025,"NEW YORK, NY",0.0,True Termination- Agency Closed Office,1786302.0,0.0,U.S. IMMIGRATION & CUSTOMS ENFORCEMENT (ICE)
464,,,,,,,,,1/31/2025,"NEW YORK, NY",0.0,True Termination- Agency Closed Office,1879921.0,0.0,U.S. IMMIGRATION & CUSTOMS ENFORCEMENT (ICE)
465,,,,,,,,,1/31/2025,"WASHINGTON, DC",22195.0,True Termination- Move to Federal Space,1060029.0,0.0,FIELD OFFICES
466,,,,,,,,,1/31/2025,"RIVERDALE PARK, MD",5598.0,True Termination- Consolidation,198065.0,0.0,CD NOAA
467,,,,,,,,,1/30/2025,"SPRINGFIELD, IL",3860.0,True Termination- Move to Federal Space,62102.0,150406.0,PBS -FIELD OFFICE
468,,,,,,,,,1/30/2025,"PHOENIX, AZ",46567.0,True Termination- Consolidation,1168475.0,0.0,PUBLIC DEFENDER SERVICE
469,,,,,,,,,1/30/2025,"PHOENIX, AZ",2193.0,True Termination- Vacant Space Buyout,44990.0,224948.0,FED MED & CONCIL SRV
470,,,,,,,,,1/30/2025,"LOS ANGELES, CA",1200.0,True Termination- Agency Closed Office,35340.0,0.0,DHS USSS
471,,,,,,,,,1/30/2025,"LOS ANGELES, CA",16439.0,True Termination- Agency Closed Office,599399.0,0.0,GAO
472,,,,,,,,,1/30/2025,"SAN DIEGO, CA",9563.0,True Termination- Vacant Space Buyout,348817.0,1744084.0,BU ALC TOB FRMS XPL
473,,,,,,,,,1/30/2025,"BREA, CA",2551.0,True Termination- Vacant Space Buyout,74556.0,0.0,USDA FSIS
474,,,,,,,,,1/30/2025,"WASHINGTON, DC",46821.0,True Termination- Move to Federal Space,2097020.0,1419079.0,AID
475,,,,,,,,,1/30/2025,"WASHINGTON, DC",2061.0,True Termination- Agency Closed Office,71820.0,0.0,DHS USSS
476,,,,,,,,,1/30/2025,"WASHINGTON, DC",845389.0,True Termination- Consolidation,26357330.0,0.0,LD BUR LAB STAT
477,,,,,,,,,1/29/2025,"WHITE PLAINS, NY",16632.0,True Termination- Consolidation,511908.0,0.0,SSA
478,,,,,,,,,1/29/2025,"MIDDLEBURG HEIGHTS, OH",5421.0,True Termination- Agency Closed Office,96568.0,193136.0,USA AFR
479,,,,,,,,,1/29/2025,"ARLINGTON, VA",55043.0,True Termination- Consolidation,2595912.0,0.0,DHS UNDERSEC FOR MGM
480,,,,,,,,,1/29/2025,"ARLINGTON, VA",49662.0,True Termination- Consolidation,2440578.0,0.0,DHS UNDERSEC FOR MGM
481,,,,,,,,,1/27/2025,"CHARLOTTESVILLE, VA",3719.0,True Termination- Agency Closed Office,124121.0,0.0,DOD DEF CONT MGT AGY
482,,,,,,,,,1/27/2025,"ATLANTA, GA",119812.0,True Termination- Agency Direct Lease,2490197.0,2074027.0,CENTER FOR DISEASE CONTROL
483,,,,,,,,,1/22/2025,"MIAMI, FL",3076.0,True Termination- Lease Backfill,112278.0,0.0,STATE DEPT
484,,,,,,,,,1/22/2025,"CINCINNATI, OH",3068.0,True Termination- Move to Federal Space,75739.0,0.0,BUREAU OF PRISONS
485,,,,,,,,,1/22/2025,"KANSAS CITY, KS",51138.0,True Termination- Lease Backfill,903731.0,1346931.0,BUREAU OF PRISONS
1,,,,,,,,,6/12/2025,"BUFFALO, NY",4848.0,,142790.0,285580.0,DHS OFFICE OF THE INSPECTOR GENERAL
2,,,,,,,,,5/23/2025,"WASHINGTON, DC",200432.0,True Termination- Agency Closed Office,9535356.0,0.0,FEDERAL BUREAU OF INVESTIGATION
3,,,,,,,,,5/22/2025,"KNOXVILLE, TN",1562.0,,41142.0,10370.0,DOD DCAA
4,,,,,,,,,5/22/2025,"CAMARILLO, CA",3456.0,,136554.0,155260.0,DEFENSE CONTRACT AUDIT AGENCY
5,,,,,,,,,5/22/2025,"STOCKTON, CA",972.0,,27527.0,0.0,SMALL BUSINESS ADMINISTRATION
6,,,,,,,,,5/22/2025,"SAN DIEGO, CA",22895.0,,573868.0,0.0,FEDERAL BUREAU OF INVESTIGATION
7,,,,,,,,,5/22/2025,"BOISE, ID",2898.0,,65578.0,503061.0,DEFENSE CONTRACT AUDIT AGENCY
8,,,,,,,,,5/7/2025,"SYRACUSE, NY",3582.0,True Termination- Move to Federal Space,59660.0,0.0,VETERANS BENEFITS ADMINISTRATION
9,,,,,,,,,5/7/2025,"SYRACUSE, NY",1250.0,True Termination- Move to Federal Space,20264.0,0.0,OFFICE OF THE INSPECTOR GENERAL
10,,,,,,,,,5/6/2025,"SCHENECTADY, NY",2887.0,True Termination- Agency Closed Office,67169.0,81339.0,DEFENSE CONTRACT AUDIT AGENCY
11,,,,,,,,,4/28/2025,"WEST NYACK, NY",5000.0,Agency Identified Terminations,152848.0,420436.0,INTERNAL REVENUE SERVICE NATIONAL OFFICE
12,,,,,,,,,4/28/2025,"ELMIRA, NY",3528.0,Agency Identified Terminations,51469.0,137203.0,INTERNAL REVENUE SERVICE NATIONAL OFFICE
13,,,,,,,,,4/28/2025,"WHEELING, WV",3418.0,Agency Identified Terminations,49526.0,213571.0,INTERNAL REVENUE SERVICE NATIONAL OFFICE
14,,,,,,,,,4/28/2025,"SAINT PETERSBURG, FL",30426.0,Agency Identified Terminations,720506.0,1600906.0,INTERNAL REVENUE SERVICE NATIONAL OFFICE
15,,,,,,,,,4/28/2025,"TAMPA, FL",21376.0,Agency Identified Terminations,760986.0,760986.0,INTERNAL REVENUE SERVICE NATIONAL OFFICE
16,,,,,,,,,4/28/2025,"FORT PIERCE, FL",800.0,Agency Identified Terminations,16268.0,4056.0,SMALL BUSINESS ADMINISTRATION
17,,,,,,,,,4/28/2025,"TALLAHASSEE, FL",4686.0,True Termination- Agency Closed Office,110032.0,0.0,SSA
18,,,,,,,,,4/28/2025,"FARMINGTON HILLS, MI",18031.0,Agency Identified Terminations,439314.0,587357.0,INTERNAL REVENUE SERVICE NATIONAL OFFICE
19,,,,,,,,,4/28/2025,"PEWAUKEE, WI",14716.0,Agency Identified Terminations,262585.0,458984.0,INTERNAL REVENUE SERVICE NATIONAL OFFICE
20,,,,,,,,,4/28/2025,"LOS ANGELES, CA",6500.0,Agency Identified Terminations,348000.0,0.0,DOD -WHS
21,,,,,,,,,4/28/2025,"WALNUT CREEK, CA",8017.0,Agency Identified Terminations,249458.0,0.0,INTERNAL REVENUE SERVICE NATIONAL OFFICE
22,,,,,,,,,4/21/2025,"NORTH PLATTE, NE",519.0,Termination by Region,2765.0,10227.0,ANIMAL AND PLANT HEALTH INSPECTION SERVICE
23,,,,,,,,,4/16/2025,"NEW YORK, NY",928.0,True Termination- Agency Closed Office,52356.0,0.0,DHS USSS
24,,,,,,,,,4/15/2025,"NACOGDOCHES, TX",1717.0,,43207.0,79193.0,SOCIAL SECURITY ADMINISTRATION
25,,,,,,,,,4/4/2025,"SAN JOSE, CA",5736.0,,308476.0,988813.0,EQUAL EMPLOYMENT OPPORTUNITY COMMISSION
26,,,,,,,,,4/3/2025,"ISELIN, NJ",5278.0,Termination via Mass Mod,143572.0,574683.0,FED MED & CONCIL SRV
27,,,,,,,,,4/3/2025,"PONCE, PR",270.0,Termination via Mass Mod,10727.0,75119.0,"EMPLOYMENT STANDARDS ADMINISTRATION, WAGE AND HOUR DIVI"
28,,,,,,,,,4/3/2025,"BALTIMORE, MD",103579.0,Termination via Mass Mod,2402919.0,0.0,CENTERS FOR MEDICARE AND MEDICAID SERVICES
29,,,,,,,,,4/3/2025,"PORTSMOUTH, VA",1730.0,Termination via Mass Mod,37830.0,189253.0,FED MED & CONCIL SRV
30,,,,,,,,,4/3/2025,"GREENVILLE, NC",7701.0,True Termination- Agency Closed Office,148367.0,148367.0,RURAL HOUSING SERVICE
31,,,,,,,,,4/3/2025,"FAIRFIELD, CA",19413.0,Termination via Mass Mod,645525.0,3227627.0,JOINT FORCES HEADQUARTERS NCR/MILITARY DC WASH
32,,,,,,,,,4/3/2025,"WASHINGTON, DC",17500.0,Termination via Mass Mod,179604.0,0.0,DEPARTMENT OF EDUCATION
33,,,,,,,,,4/3/2025,"WASHINGTON, DC",27714.0,Termination via Mass Mod,1238963.0,0.0,INSTITUTE MUSM SERV
34,,,,,,,,,4/1/2025,"NORTH CHARLESTON, SC",75000.0,True Termination- Agency Closed Office,725132.0,25827.0,DEPARTMENT OF AIR FORCE
35,,,,,,,,,3/31/2025,"READING, PA",331.0,True Termination- Agency Closed Office,5313.0,11003.0,DHS TRANSPORTATION SECURITY ADMINISTRATION
36,,,,,,,,,3/28/2025,"INDEPENDENCE, OH",6609.0,True Termination- Agency Closed Office,137951.0,542735.0,FED MED & CONCIL SRV
37,,,,,,,,,3/13/2025,"IDAHO FALLS, ID",1920.0,Terminating to align with the adminstrations reduction goals,34856.0,225272.0,AGRICULTURAL MARKETING SERVICE
38,,,,,,,,,3/12/2025,"MINOT, ND",833.0,Soft Term Terminations via PBS Commissioner Letter 2.25.25,18441.0,44560.0,UNITED STATES FISH AND WILDLIFE SERVICE
39,,,,,,,,,3/11/2025,"BUFFALO, NY",2178.0,True Termination- Agency Closed Office,44352.0,144236.0,FED MED & CONCIL SRV
40,,,,,,,,,3/7/2025,"LITTLETON, CO",1250.0,Soft Term Terminations via PBS Commissioner Letter 2.25.25,20859.0,19144.0,UNITED STATES FISH AND WILDLIFE SERVICE
41,,,,,,,,,3/7/2025,"GREAT FALLS, MT",3310.0,Soft Term Terminations via PBS Commissioner Letter 2.25.25,21021.0,38471.0,UNITED STATES TRUSTEES
42,,,,,,,,,3/4/2025,"NEW YORK, NY",10728.0,Termination via Mass Mod,623895.0,1871686.0,FEDERAL ENERGY REGULATORY COMMISSION
43,,,,,,,,,3/4/2025,"HATO REY, PR",25985.0,Termination via Mass Mod,1131388.0,7922819.0,OFFICE OF THE SECRETARY
44,,,,,,,,,3/4/2025,"SAN JUAN, PR",5918.0,Termination via Mass Mod,260830.0,390173.0,UNITED STATES TRUSTEES
45,,,,,,,,,3/4/2025,"ROCK VIEW, WV",20781.0,Termination via Mass Mod,566978.0,0.0,MINE SAFETY HEALTH ADMINISTRATION
46,,,,,,,,,3/4/2025,"MEMPHIS, TN",2962.0,Termination via Mass Mod,81853.0,479905.0,NATIONAL LABOR RELATIONS BOARD
47,,,,,,,,,3/4/2025,"OAK RIDGE, TN",2164.0,Termination via Mass Mod,42458.0,212288.0,"EMPLOY. STANDARDS ADMIN., OFC OF WORKERS' COMP. PRGMS"
48,,,,,,,,,3/4/2025,"JOLIET, IL",500.0,Termination via Mass Mod,6667.0,33354.0,"EMPLOY. AND TRAIN. ADMIN., BUR. OF APPRENTICESHIP AND T"
49,,,,,,,,,3/4/2025,"BLOOMINGTON, IN",9400.0,Termination via Mass Mod,177473.0,532906.0,UNITED STATES FISH AND WILDLIFE SERVICE
50,,,,,,,,,3/4/2025,"FRANKLIN, IN",2307.0,Termination via Mass Mod,38432.0,76970.0,UNITED STATES FISH AND WILDLIFE SERVICE
51,,,,,,,,,3/4/2025,"INDIANAPOLIS, IN",2409.0,Termination via Mass Mod,70798.0,141789.0,"EMPLOYMENT STANDARDS ADMINISTRATION, WAGE AND HOUR DIVI"
52,,,,,,,,,3/4/2025,"CLEVELAND, OH",28704.0,Termination via Mass Mod,758610.0,0.0,OFFICE OF THE SECRETARY
53,,,,,,,,,3/4/2025,"MADISON, WI",3686.0,Termination via Mass Mod,104612.0,104612.0,SMALL BUSINESS ADMINISTRATION
54,,,,,,,,,3/4/2025,"MILWAUKEE, WI",17556.0,Termination via Mass Mod,405424.0,1217384.0,OFFICE OF THE SECRETARY
55,,,,,,,,,3/4/2025,"RICE LAKE, WI",1150.0,Termination via Mass Mod,27839.0,27839.0,GEOLOGICAL SURVEY
56,,,,,,,,,3/4/2025,"LITTLE ROCK, AR",8352.0,Termination via Mass Mod,180126.0,0.0,"EMPLOYMENT STANDARDS ADMINISTRATION, WAGE AND HOUR DIVI"
57,,,,,,,,,3/4/2025,"HOUSTON, TX",22809.0,Termination via Mass Mod,401651.0,2008253.0,OFFICE OF NATURAL RESOURCES AND REVENUE
58,,,,,,,,,3/4/2025,"CAMP VERDE, AZ",2300.0,Termination via Mass Mod,50401.0,100802.0,NATIONAL PARK SERVICE
59,,,,,,,,,3/4/2025,"PALM SPRINGS, CA",5310.0,Termination via Mass Mod,205234.0,410468.0,UNITED STATES FISH AND WILDLIFE SERVICE
60,,,,,,,,,3/4/2025,"LAS VEGAS, NV",1513.0,Termination via Mass Mod,29549.0,295651.0,"EMPLOY. STANDARDS ADMIN., OFC OF WORKERS' COMP. PRGMS"
61,,,,,,,,,3/4/2025,"WASHINGTON, DC",76200.0,Termination via Mass Mod,3639020.0,0.0,DEPARTMENT OF HOUSING AND URBAN DEVELOPMENT
62,,,,,,,,,3/4/2025,"WASHINGTON, DC",33675.0,Termination via Mass Mod,2157949.0,0.0,OFFICE OF THE INSPECTOR GENERAL
63,,,,,,,,,3/4/2025,"ALEXANDRIA, VA",55159.0,Termination via Mass Mod,2272949.0,0.0,SIGPR
64,,,,,,,,,3/3/2025,"CHELSEA, MA",2500.0,Termination via Mass Mod,96026.0,224413.0,UNITED STATES FISH AND WILDLIFE SERVICE
65,,,,,,,,,3/3/2025,"POTSDAM, NY",1748.0,Termination via Mass Mod,12943.0,41630.0,GEOLOGICAL SURVEY
66,,,,,,,,,3/3/2025,"SOMERSET, PA",2361.0,Termination via Mass Mod,29693.0,86720.0,NATIONAL PARK SERVICE
67,,,,,,,,,3/3/2025,"GLOUCESTER, VA",11281.0,Termination via Mass Mod,310651.0,496190.0,UNITED STATES FISH AND WILDLIFE SERVICE
68,,,,,,,,,3/3/2025,"RICHMOND, VA",4380.0,Termination via Mass Mod,75351.0,502682.0,UNITED STATES FISH AND WILDLIFE SERVICE
69,,,,,,,,,3/3/2025,"FAIRHOPE, AL",5132.0,Termination via Mass Mod,176859.0,707922.0,UNITED STATES FISH AND WILDLIFE SERVICE
70,,,,,,,,,3/3/2025,"ANN ARBOR, MI",4800.0,Termination via Mass Mod,86301.0,336220.0,UNITED STATES FISH AND WILDLIFE SERVICE
71,,,,,,,,,3/3/2025,"WINONA, MN",6827.0,Termination via Mass Mod,118449.0,528313.0,UNITED STATES FISH AND WILDLIFE SERVICE
72,,,,,,,,,3/3/2025,"MADISON, WI",7125.0,Termination via Mass Mod,187168.0,546632.0,UNITED STATES FISH AND WILDLIFE SERVICE
73,,,,,,,,,2/28/2025,"HARTFORD, CT",24647.0,Termination via Mass Mod,671727.0,1231192.0,OFFICE OF THE SECRETARY
74,,,,,,,,,2/28/2025,"RICHMOND, VA",19277.0,Termination via Mass Mod,342341.0,962305.0,GEOLOGICAL SURVEY
75,,,,,,,,,2/28/2025,"CHARLESTON, WV",1692.0,Termination via Mass Mod,51245.0,245978.0,FEDERAL MOTOR CARRIER SAFETY ADMINISTRATION
76,,,,,,,,,2/28/2025,"CHARLESTON, WV",10875.0,Termination via Mass Mod,222716.0,1532166.0,GEOLOGICAL SURVEY
77,,,,,,,,,2/28/2025,"TALLAHASSEE, FL",3802.0,Termination via Mass Mod,142115.0,693055.0,GEOLOGICAL SURVEY
78,,,,,,,,,2/28/2025,"HOMESTEAD, FL",21356.0,Termination via Mass Mod,545466.0,1226926.0,NATIONAL PARK SERVICE
79,,,,,,,,,2/28/2025,"ATLANTA, GA",25422.0,Termination via Mass Mod,683626.0,224754.0,OFFICE OF THE SECRETARY
80,,,,,,,,,2/28/2025,"LOUISVILLE, KY",3938.0,Termination via Mass Mod,101765.0,275464.0,FOOD AND DRUG ADMINISTRATION
81,,,,,,,,,2/28/2025,"NORTH CHARLESTON, SC",465.0,Termination via Mass Mod,13725.0,38920.0,SMALL BUSINESS ADMINISTRATION
82,,,,,,,,,2/28/2025,"CHICAGO, IL",4651.0,Termination via Mass Mod,142746.0,277279.0,FEDERAL LABOR RELATIONS AUTHORITY
83,,,,,,,,,2/28/2025,"LISLE, IL",13104.0,Termination via Mass Mod,424359.0,353438.0,FOOD AND DRUG ADMINISTRATION
84,,,,,,,,,2/28/2025,"ST. PAUL, MN",4246.0,Termination via Mass Mod,114723.0,535585.0,FEDERAL HIGHWAY ADMINISTRATION
85,,,,,,,,,2/28/2025,"CINCINNATI, OH",1428.0,Termination via Mass Mod,31659.0,52736.0,RAILROAD RETIREMENT BOARD
86,,,,,,,,,2/28/2025,"CLEVELAND, OH",5722.0,Termination via Mass Mod,145182.0,325366.0,SMALL BUSINESS ADMINISTRATION
87,,,,,,,,,2/28/2025,"DERBY, KS",1365.0,Termination via Mass Mod,19776.0,92324.0,UNITED STATES FISH AND WILDLIFE SERVICE
88,,,,,,,,,2/28/2025,"SALINA, KS",2203.0,Termination via Mass Mod,47489.0,186182.0,INTERNAL REVENUE SERVICE NATIONAL OFFICE
89,,,,,,,,,2/28/2025,"OMAHA, NE",1875.0,Termination via Mass Mod,34357.0,91682.0,FOOD AND DRUG ADMINISTRATION
90,,,,,,,,,2/28/2025,"SANTA FE, NM",5847.0,Termination via Mass Mod,150950.0,732004.0,FEDERAL HIGHWAY ADMINISTRATION
91,,,,,,,,,2/28/2025,"TULSA, OK",5682.0,Termination via Mass Mod,109426.0,87541.0,DEPARTMENT OF HOUSING AND URBAN DEVELOPMENT
92,,,,,,,,,2/28/2025,"FORT WORTH, TX",5835.0,Termination via Mass Mod,157720.0,569522.0,FEDERAL RAILROAD ADMINISTRATION
93,,,,,,,,,2/28/2025,"DURANGO, CO",8900.0,Termination via Mass Mod,246856.0,493712.0,BUREAU OF RECLAMATION
94,,,,,,,,,2/28/2025,"GOLDEN, CO",8219.0,Termination via Mass Mod,220238.0,596150.0,GEOLOGICAL SURVEY
95,,,,,,,,,2/28/2025,"BOZEMAN, MT",7853.0,Termination via Mass Mod,241265.0,674219.0,UNITED STATES FISH AND WILDLIFE SERVICE
96,,,,,,,,,2/28/2025,"BOZEMAN, MT",15605.0,Termination via Mass Mod,369838.0,1387147.0,GEOLOGICAL SURVEY
97,,,,,,,,,2/28/2025,"SIOUX FALLS, SD",1217.0,Termination via Mass Mod,28749.0,131771.0,DEPARTMENTAL MANAGEMENT (IG)
98,,,,,,,,,2/28/2025,"RAPID CITY, SD",1518.0,Termination via Mass Mod,43938.0,267482.0,"FAS, REG 08 FLEET MANAGEMENT FACILITIES"
99,,,,,,,,,2/28/2025,"WEST VALLEY CITY, UT",8482.0,Termination via Mass Mod,116431.0,475930.0,UNITED STATES FISH AND WILDLIFE SERVICE
100,,,,,,,,,2/28/2025,"MOAB, UT",4750.0,Termination via Mass Mod,134100.0,91482.0,GEOLOGICAL SURVEY
101,,,,,,,,,2/28/2025,"SAN DIEGO, CA",6374.0,Termination via Mass Mod,454339.0,339820.0,FOOD AND DRUG ADMINISTRATION
102,,,,,,,,,2/28/2025,"LONG BEACH, CA",24167.0,Termination via Mass Mod,952904.0,1112157.0,FOOD AND DRUG ADMINISTRATION
103,,,,,,,,,2/28/2025,"ANCHORAGE, AK",14805.0,Termination via Mass Mod,664745.0,1996055.0,OFFICE OF THE SECRETARY
104,,,,,,,,,2/28/2025,"LAPWAI, ID",6068.0,Termination via Mass Mod,112865.0,865813.0,BUREAU OF INDIAN AFFAIRS
105,,,,,,,,,2/28/2025,"BOISE, ID",5890.0,Termination via Mass Mod,122218.0,962672.0,OFFICE OF THE SOLICITOR
106,,,,,,,,,2/28/2025,"BAKER CITY, OR",7030.0,Termination via Mass Mod,204936.0,823673.0,BUREAU OF LAND MANAGEMENT
107,,,,,,,,,2/28/2025,"TOPPENISH, WA",17107.0,Termination via Mass Mod,533985.0,1113322.0,BUREAU OF INDIAN AFFAIRS
108,,,,,,,,,2/27/2025,"MANSFIELD, OH",1047.0,True Termination- Agency Closed Office,15188.0,27963.0,SSA
109,,,,,,,,,2/27/2025,"WAUSAU, WI",1851.0,True Termination- Agency Closed Office,34211.0,51082.0,SOCIAL SECURITY ADMINISTRATION
110,,,,,,,,,2/26/2025,"SPRINGFIELD, MA",599.0,Termination via Mass Mod,9995.0,38338.0,"EMPLOYMENT STANDARDS ADMINISTRATION, WAGE AND HOUR DIVI"
111,,,,,,,,,2/26/2025,"NARRAGANSETT PIER, RI",674.0,Termination via Mass Mod,23937.0,197992.0,NATIONAL OCEANIC ATMOSPHERIC ADMINISTRATION
112,,,,,,,,,2/26/2025,"EAST PROVIDENCE, RI",1556.0,Termination via Mass Mod,38867.0,126503.0,FEDERAL MOTOR CARRIER SAFETY ADMINISTRATION
113,,,,,,,,,2/26/2025,"BARRE, VT",287.0,Termination via Mass Mod,9369.0,13245.0,NATIONAL OCEANIC ATMOSPHERIC ADMINISTRATION
114,,,,,,,,,2/26/2025,"NEWARK, NJ",14736.0,Termination via Mass Mod,633783.0,2125344.0,FOOD AND DRUG ADMINISTRATION
115,,,,,,,,,2/26/2025,"PRINCETON, NJ",3780.0,Termination via Mass Mod,111100.0,472706.0,FEDERAL MOTOR CARRIER SAFETY ADMINISTRATION
116,,,,,,,,,2/26/2025,"MOUNTAINSIDE, NJ",3451.0,Termination via Mass Mod,97360.0,122167.0,OFFICE OF INSPECTOR GENERAL
117,,,,,,,,,2/26/2025,"WHITE PLAINS, NY",2071.0,Termination via Mass Mod,67169.0,203531.0,INTERNATIONAL TRADE ADMINISTRATION
118,,,,,,,,,2/26/2025,"WILMINGTON, DE",3464.0,Termination via Mass Mod,95385.0,310982.0,FOOD AND DRUG ADMINISTRATION
119,,,,,,,,,2/26/2025,"WILMINGTON, DE",2950.0,Termination via Mass Mod,84288.0,280575.0,FEDERAL RAILROAD ADMINISTRATION
120,,,,,,,,,2/26/2025,"BALTIMORE, MD",6160.0,Termination via Mass Mod,130222.0,297192.0,SMALL BUSINESS ADMINISTRATION
121,,,,,,,,,2/26/2025,"BALTIMORE, MD",3090.0,Termination via Mass Mod,77572.0,219115.0,FOOD AND DRUG ADMINISTRATION
122,,,,,,,,,2/26/2025,"MT LAUREL, NJ",7111.0,Termination via Mass Mod,146415.0,390706.0,RURAL HOUSING SERVICE
123,,,,,,,,,2/26/2025,"LAWRENCEVILLE, NJ",3420.0,Termination via Mass Mod,87934.0,293434.0,"EMPLOYMENT STANDARDS ADMINISTRATION, WAGE AND HOUR DIVI"
124,,,,,,,,,2/26/2025,"ROBBINSVILLE, NJ",28930.0,Termination via Mass Mod,492865.0,1766211.0,FOOD AND NUTRITION SERVICE (FNS)
125,,,,,,,,,2/26/2025,"PHILADELPHIA, PA",3492.0,Termination via Mass Mod,87941.0,89146.0,INTERNATIONAL TRADE ADMINISTRATION
126,,,,,,,,,2/26/2025,"PHILADELPHIA, PA",4962.0,Termination via Mass Mod,146265.0,124626.0,BUREAU OF PRISONS
127,,,,,,,,,2/26/2025,"MOUNT PLEASANT, PA",12964.0,Termination via Mass Mod,237785.0,800001.0,MINE SAFETY HEALTH ADMINISTRATION
128,,,,,,,,,2/26/2025,"CHARLESTON, WV",3122.0,Termination via Mass Mod,49282.0,120707.0,OFFICE OF THE SECRETARY
129,,,,,,,,,2/26/2025,"MARTINSBURG, WV",525.0,Termination via Mass Mod,12066.0,48295.0,"EMPLOY. AND TRAIN. ADMIN., BUR. OF APPRENTICESHIP AND T"
130,,,,,,,,,2/26/2025,"MONTGOMERY, AL",2662.0,Termination via Mass Mod,59444.0,158626.0,FEDERAL MOTOR CARRIER SAFETY ADMINISTRATION
131,,,,,,,,,2/26/2025,"PLANTATION, FL",14691.0,Termination via Mass Mod,414703.0,699883.0,FOOD AND DRUG ADMINISTRATION
132,,,,,,,,,2/26/2025,"TALLAHASSEE, FL",1440.0,Termination via Mass Mod,39692.0,291438.0,FOOD AND DRUG ADMINISTRATION
133,,,,,,,,,2/26/2025,"PENSACOLA, FL",690.0,Termination via Mass Mod,18036.0,56629.0,"EMPLOYMENT STANDARDS ADMINISTRATION, WAGE AND HOUR DIVI"
134,,,,,,,,,2/26/2025,"SAVANNAH, GA",1848.0,Termination via Mass Mod,39214.0,163519.0,"EMPLOYMENT STANDARDS ADMINISTRATION, WAGE AND HOUR DIVI"
135,,,,,,,,,2/26/2025,"ATLANTA, GA",3354.0,Termination via Mass Mod,77081.0,162820.0,OFFICE OF THE SECRETARY
136,,,,,,,,,2/26/2025,"LOUISVILLE, KY",2184.0,Termination via Mass Mod,38239.0,112831.0,OFFICE OF THE SECRETARY
137,,,,,,,,,2/26/2025,"GREENSBORO, NC",1579.0,Termination via Mass Mod,24985.0,16634.0,HHS FDA
138,,,,,,,,,2/26/2025,"GALLATIN, TN",6017.0,Termination via Mass Mod,119016.0,486499.0,NATURAL RESOURCES CONSERVATION SERVICE
139,,,,,,,,,2/26/2025,"SPRINGFIELD, IL",2128.0,Termination via Mass Mod,42315.0,149087.0,"EMPLOY. AND TRAIN. ADMIN., BUR. OF APPRENTICESHIP AND T"
140,,,,,,,,,2/26/2025,"LISLE, IL",1520.0,Termination via Mass Mod,41586.0,48649.0,"FED ACQUISITION SRVC, REG 05 FLEET MGMT FACILITIES"
141,,,,,,,,,2/26/2025,"DETROIT, MI",856.0,Termination via Mass Mod,17120.0,72842.0,AGRICULTURAL MARKETING SERVICE
142,,,,,,,,,2/26/2025,"MINNEAPOLIS, MN",3499.0,Termination via Mass Mod,102390.0,51055.0,"EMPLOYMENT STANDARDS ADMINISTRATION, WAGE AND HOUR DIVI"
143,,,,,,,,,2/26/2025,"MINNEAPOLIS, MN",4256.0,Termination via Mass Mod,136192.0,67909.0,"EMPLOY. STANDARDS ADMIN., OFC OF CONTRACT COMPLIANCE PR"
144,,,,,,,,,2/26/2025,"CINCINNATI, OH",2247.0,Termination via Mass Mod,49688.0,33080.0,SMALL BUSINESS ADMINISTRATION
145,,,,,,,,,2/26/2025,"COLUMBUS, OH",6721.0,Termination via Mass Mod,114278.0,495935.0,SMALL BUSINESS ADMINISTRATION
146,,,,,,,,,2/26/2025,"MADISON, WI",2975.0,Termination via Mass Mod,121221.0,272995.0,FOOD AND DRUG ADMINISTRATION
147,,,,,,,,,2/26/2025,"STEVENS POINT, WI",15843.0,Termination via Mass Mod,448204.0,896408.0,RURAL HOUSING SERVICE
148,,,,,,,,,2/26/2025,"WAUWATOSA, WI",6757.0,Termination via Mass Mod,187375.0,513869.0,FOOD AND DRUG ADMINISTRATION
149,,,,,,,,,2/26/2025,"MADISON, WI",6254.0,Termination via Mass Mod,204103.0,408205.0,FEDERAL HIGHWAY ADMINISTRATION
150,,,,,,,,,2/26/2025,"MADISON, WI",2477.0,Termination via Mass Mod,50150.0,141656.0,FEDERAL MOTOR CARRIER SAFETY ADMINISTRATION
151,,,,,,,,,2/26/2025,"KANSAS CITY, MO",1995.0,Termination via Mass Mod,41260.0,87380.0,INTERNATIONAL TRADE ADMINISTRATION
152,,,,,,,,,2/26/2025,"KANSAS CITY, MO",11465.0,Termination via Mass Mod,267450.0,758387.0,OFFICE OF THE SECRETARY
153,,,,,,,,,2/26/2025,"KANSAS CITY, MO",9549.0,Termination via Mass Mod,203156.0,414660.0,SMALL BUSINESS ADMINISTRATION
154,,,,,,,,,2/26/2025,"LITTLE ROCK, AR",17878.0,Termination via Mass Mod,316603.0,1161456.0,SMALL BUSINESS ADMINISTRATION
155,,,,,,,,,2/26/2025,"OKLAHOMA CITY, OK",1182.0,Termination via Mass Mod,22990.0,95865.0,INTERNATIONAL TRADE ADMINISTRATION
156,,,,,,,,,2/26/2025,"LONGVIEW, TX",2400.0,Termination via Mass Mod,63624.0,219112.0,MINE SAFETY HEALTH ADMINISTRATION
157,,,,,,,,,2/26/2025,"COLORADO SPRINGS, CO",875.0,Termination via Mass Mod,29227.0,7367.0,"EMPLOYMENT STANDARDS ADMINISTRATION, WAGE AND HOUR DIVI"
158,,,,,,,,,2/26/2025,"LAKEWOOD, CO",21015.0,Termination via Mass Mod,448920.0,980245.0,"CORPS OF ENGINEERS, CIVIL"
159,,,,,,,,,2/26/2025,"DENVER, CO",86809.0,Termination via Mass Mod,2905174.0,9455746.0,OFFICE OF THE SECRETARY
160,,,,,,,,,2/26/2025,"DENVER, CO",3885.0,Termination via Mass Mod,161893.0,344190.0,INTERNATIONAL TRADE ADMINISTRATION
161,,,,,,,,,2/26/2025,"BOUNTIFUL, UT",2961.0,Termination via Mass Mod,50160.0,137974.0,"CORPS OF ENGINEERS, CIVIL"
162,,,,,,,,,2/26/2025,"CHEYENNE, WY",2311.0,Termination via Mass Mod,45187.0,53357.0,FEDERAL MOTOR CARRIER SAFETY ADMINISTRATION
163,,,,,,,,,2/26/2025,"TUCSON, AZ",7335.0,Termination via Mass Mod,288826.0,328392.0,BUREAU OF THE CENSUS
164,,,,,,,,,2/26/2025,"PHOENIX, AZ",36750.0,Termination via Mass Mod,1194475.0,3586697.0,INTERNATIONAL TRADE ADMINISTRATION
165,,,,,,,,,2/26/2025,"EUREKA, CA",823.0,Termination via Mass Mod,19793.0,66483.0,NATIONAL OCEANIC ATMOSPHERIC ADMINISTRATION
166,,,,,,,,,2/26/2025,"MOUNT SHASTA, CA",536.0,Termination via Mass Mod,12000.0,52997.0,FOREST SERVICE
167,,,,,,,,,2/26/2025,"SAN JOSE, CA",4859.0,Termination via Mass Mod,222339.0,128530.0,FOOD AND DRUG ADMINISTRATION
168,,,,,,,,,2/26/2025,"SAN CLEMENTE, CA",21450.0,Termination via Mass Mod,704094.0,995377.0,FOOD AND DRUG ADMINISTRATION
169,,,,,,,,,2/26/2025,"SAN DIEGO, CA",3328.0,Termination via Mass Mod,90904.0,77206.0,INTERNATIONAL TRADE ADMINISTRATION
170,,,,,,,,,2/26/2025,"ANCHORAGE, AK",4031.0,Termination via Mass Mod,179985.0,89746.0,SMALL BUSINESS ADMINISTRATION
171,,,,,,,,,2/26/2025,"BOISE, ID",5156.0,Termination via Mass Mod,111448.0,28091.0,NATIONAL OCEANIC ATMOSPHERIC ADMINISTRATION
172,,,,,,,,,2/26/2025,"OLYMPIA, WA",2069.0,Termination via Mass Mod,60270.0,145639.0,FEDERAL MOTOR CARRIER SAFETY ADMINISTRATION
173,,,,,,,,,2/26/2025,"TACOMA, WA",842.0,Termination via Mass Mod,21345.0,40702.0,"EMPLOYMENT STANDARDS ADMINISTRATION, WAGE AND HOUR DIVI"
174,,,,,,,,,2/26/2025,"RICHLAND, WA",979.0,Termination via Mass Mod,19539.0,55085.0,"EMPLOY. STANDARDS ADMIN., OFC OF WORKERS' COMP. PRGMS"
175,,,,,,,,,2/26/2025,"RENTON, WA",1451.0,Termination via Mass Mod,47625.0,166753.0,NATURAL RESOURCES CONSERVATION SERVICE
176,,,,,,,,,2/26/2025,"SEATTLE, WA",12867.0,Termination via Mass Mod,420795.0,0.0,SMALL BUSINESS ADMINISTRATION
177,,,,,,,,,2/25/2025,"MIDDLETOWN, CT",2730.0,Termination via Mass Mod,102849.0,454792.0,INTERNATIONAL TRADE ADMINISTRATION
178,,,,,,,,,2/25/2025,"BOYLSTON, MA",2360.0,Termination via Mass Mod,56349.0,101119.0,FOOD AND DRUG ADMINISTRATION
179,,,,,,,,,2/25/2025,"FALMOUTH, ME",2999.0,Termination via Mass Mod,71369.0,254583.0,UNITED STATES FISH AND WILDLIFE SERVICE
180,,,,,,,,,2/25/2025,"MANCHESTER, NH",3201.0,Termination via Mass Mod,98552.0,231664.0,"EMPLOYMENT STANDARDS ADMINISTRATION, WAGE AND HOUR DIVI"
181,,,,,,,,,2/25/2025,"PORTSMOUTH, NH",1099.0,Termination via Mass Mod,31432.0,48311.0,INTERNATIONAL TRADE ADMINISTRATION
182,,,,,,,,,2/25/2025,"WARWICK, RI",4215.0,Termination via Mass Mod,108049.0,279152.0,FOOD AND DRUG ADMINISTRATION
183,,,,,,,,,2/25/2025,"EAST PROVIDENCE, RI",2400.0,Termination via Mass Mod,59161.0,212006.0,FOOD AND DRUG ADMINISTRATION
184,,,,,,,,,2/25/2025,"BURLINGTON, VT",2343.0,Termination via Mass Mod,71954.0,77079.0,DEPARTMENT OF HOUSING AND URBAN DEVELOPMENT
185,,,,,,,,,2/25/2025,"BUFFALO, NY",2168.0,Termination via Mass Mod,65379.0,101383.0,"EMPLOY. STANDARDS ADMIN., OFC OF WORKERS' COMP. PRGMS"
186,,,,,,,,,2/25/2025,"FOREST HILLS, NY",5070.0,Termination via Mass Mod,308437.0,598284.0,"EMPLOYMENT STANDARDS ADMINISTRATION, WAGE AND HOUR DIVI"
187,,,,,,,,,2/25/2025,"GUAYNABO, PR",9462.0,Termination via Mass Mod,395988.0,863580.0,INTERNAL REVENUE SERVICE NATIONAL OFFICE
188,,,,,,,,,2/25/2025,"SAN JUAN, PR",4951.0,Termination via Mass Mod,200235.0,216693.0,FEDERAL HIGHWAY ADMINISTRATION
189,,,,,,,,,2/25/2025,"UTUADO, PR",5750.0,Termination via Mass Mod,155653.0,58423.0,FARM SERVICE AGENCY - COUNTY
190,,,,,,,,,2/25/2025,"MAYAGUEZ, PR",2678.0,Termination via Mass Mod,65288.0,117518.0,FARM SERVICE AGENCY- STATE
191,,,,,,,,,2/25/2025,"DOVER, DE",5724.0,Termination via Mass Mod,112332.0,156034.0,GEOLOGICAL SURVEY
192,,,,,,,,,2/25/2025,"BALTIMORE, MD",9139.0,Termination via Mass Mod,254174.0,603751.0,"EMPLOYMENT STANDARDS ADMINISTRATION, WAGE AND HOUR DIVI"
193,,,,,,,,,2/25/2025,"EWING TOWNSHIP, NJ",7646.0,Termination via Mass Mod,216234.0,418843.0,FEDERAL HIGHWAY ADMINISTRATION
194,,,,,,,,,2/25/2025,"DOWNINGTOWN, PA",5452.0,Termination via Mass Mod,102968.0,231608.0,GEOLOGICAL SURVEY
195,,,,,,,,,2/25/2025,"WILLIAMSPORT, PA",4839.0,Termination via Mass Mod,67391.0,141244.0,GEOLOGICAL SURVEY
196,,,,,,,,,2/25/2025,"PHILADELPHIA, PA",42995.0,Termination via Mass Mod,1115051.0,1206699.0,DEPARTMENT OF EDUCATION
197,,,,,,,,,2/25/2025,"RICHMOND, VA",2986.0,Termination via Mass Mod,45955.0,91909.0,ANIMAL AND PLANT HEALTH INSPECTION SERVICE
198,,,,,,,,,2/25/2025,"MARTINSBURG, WV",2230.0,Termination via Mass Mod,62811.0,65220.0,NATIONAL PARK SERVICE
199,,,,,,,,,2/25/2025,"MOBILE, AL",2200.0,Termination via Mass Mod,63004.0,109265.0,"EMPLOYMENT STANDARDS ADMINISTRATION, WAGE AND HOUR DIVI"
200,,,,,,,,,2/25/2025,"HAINES CITY, FL",5139.0,Termination via Mass Mod,102400.0,78553.0,ANIMAL AND PLANT HEALTH INSPECTION SERVICE
201,,,,,,,,,2/25/2025,"KEY LARGO, FL",7993.0,Termination via Mass Mod,252011.0,1449237.0,NATIONAL OCEANIC ATMOSPHERIC ADMINISTRATION
202,,,,,,,,,2/25/2025,"OCALA, FL",5591.0,Termination via Mass Mod,120502.0,250907.0,RURAL HOUSING SERVICE
203,,,,,,,,,2/25/2025,"FORT WALTON BEACH, FL",15264.0,Termination via Mass Mod,430699.0,1063177.0,BUREAU OF LABOR STATISTICS
204,,,,,,,,,2/25/2025,"DULUTH, GA",8574.0,Termination via Mass Mod,184341.0,568679.0,FEDERAL ENERGY REGULATORY COMMISSION
205,,,,,,,,,2/25/2025,"GRIFFIN, GA",3772.0,Termination via Mass Mod,30810.0,2532.0,NATURAL RESOURCES CONSERVATION SERVICE
206,,,,,,,,,2/25/2025,"ATLANTA, GA",27526.0,Termination via Mass Mod,634642.0,634642.0,SMALL BUSINESS ADMINISTRATION
207,,,,,,,,,2/25/2025,"BEAVER DAM, KY",2814.0,Termination via Mass Mod,65454.0,172690.0,MINE SAFETY HEALTH ADMINISTRATION
208,,,,,,,,,2/25/2025,"PRESTONSBURG, KY",7378.0,Termination via Mass Mod,143326.0,454324.0,MINE SAFETY HEALTH ADMINISTRATION
209,,,,,,,,,2/25/2025,"JACKSON, MS",3043.0,Termination via Mass Mod,64704.0,236303.0,OFFICE OF THE INSPECTOR GENERAL
210,,,,,,,,,2/25/2025,"RIDGELAND, MS",7277.0,Termination via Mass Mod,144159.0,156008.0,FOOD SAFETY AND INSPECTION SERVICE
211,,,,,,,,,2/25/2025,"GREENWOOD, MS",7500.0,Termination via Mass Mod,123000.0,287449.0,NATURAL RESOURCES CONSERVATION SERVICE
212,,,,,,,,,2/25/2025,"CHARLOTTE, NC",5316.0,Termination via Mass Mod,104520.0,0.0,GEOLOGICAL SURVEY
213,,,,,,,,,2/25/2025,"GREENVILLE, SC",4989.0,Termination via Mass Mod,128616.0,380916.0,EQUAL EMPLOYMENT OPPORTUNITY COMMISSION
214,,,,,,,,,2/25/2025,"NASHVILLE, TN",14004.0,Termination via Mass Mod,388552.0,777105.0,FOOD AND DRUG ADMINISTRATION
215,,,,,,,,,2/25/2025,"MEMPHIS, TN",12305.0,Termination via Mass Mod,323607.0,701297.0,FOOD AND DRUG ADMINISTRATION
216,,,,,,,,,2/25/2025,"NASHVILLE, TN",4133.0,True Termination- Agency Closed Office,142577.0,0.0,SOCIAL SECURITY ADMINISTRATION
217,,,,,,,,,2/25/2025,"PEORIA, IL",1155.0,Termination via Mass Mod,19026.0,33256.0,FOOD AND DRUG ADMINISTRATION
218,,,,,,,,,2/25/2025,"CHICAGO, IL",13531.0,Termination via Mass Mod,471820.0,943641.0,FEDERAL TRANSIT ADMINISTRATION
219,,,,,,,,,2/25/2025,"SPRINGFIELD, IL",2022.0,Termination via Mass Mod,34756.0,41231.0,SMALL BUSINESS ADMINISTRATION
220,,,,,,,,,2/25/2025,"FISHERS, IN",2850.0,Termination via Mass Mod,53750.0,22531.0,OFFICE OF THE SECRETARY
221,,,,,,,,,2/25/2025,"SOUTH BEND, IN",1734.0,Termination via Mass Mod,29044.0,14403.0,FOOD AND DRUG ADMINISTRATION
222,,,,,,,,,2/25/2025,"GRIFFITH, IN",3170.0,Termination via Mass Mod,85467.0,370670.0,"CORPS OF ENGINEERS, CIVIL"
223,,,,,,,,,2/25/2025,"SOUTH ST PAUL, MN",2489.0,Termination via Mass Mod,48727.0,35644.0,ANIMAL AND PLANT HEALTH INSPECTION SERVICE
224,,,,,,,,,2/25/2025,"CRANE LAKE, MN",2512.0,Termination via Mass Mod,44476.0,85175.0,NATIONAL PARK SERVICE
225,,,,,,,,,2/25/2025,"GAHANNA, OH",5292.0,Termination via Mass Mod,107200.0,339811.0,UNITED STATES FISH AND WILDLIFE SERVICE
226,,,,,,,,,2/25/2025,"CLEVELAND, OH",18996.0,Termination via Mass Mod,397983.0,16355.0,INTERNAL REVENUE SERVICE NATIONAL OFFICE
227,,,,,,,,,2/25/2025,"MANSFIELD, OH",3738.0,Termination via Mass Mod,46239.0,3800.0,"EMPLOYMENT STANDARDS ADMINISTRATION, WAGE AND HOUR DIVI"
228,,,,,,,,,2/25/2025,"CINCINNATI, OH",4449.0,Termination via Mass Mod,103232.0,146505.0,OFFICE OF LABOR MANAGEMENT STANDARDS
229,,,,,,,,,2/25/2025,"CLEVELAND, OH",9340.0,Termination via Mass Mod,207729.0,103011.0,FEDERAL TRADE COMMISSION
230,,,,,,,,,2/25/2025,"NEW PHILADELPHIA, OH",2765.0,Termination via Mass Mod,52596.0,62395.0,GEOLOGICAL SURVEY
231,,,,,,,,,2/25/2025,"AMES, IA",10056.0,Termination via Mass Mod,216276.0,847327.0,FEDERAL HIGHWAY ADMINISTRATION
232,,,,,,,,,2/25/2025,"TOPEKA, KS",6572.0,Termination via Mass Mod,134940.0,12570.0,FEDERAL HIGHWAY ADMINISTRATION
233,,,,,,,,,2/25/2025,"KANSAS CITY, KS",14046.0,Termination via Mass Mod,278861.0,560778.0,EQUAL EMPLOYMENT OPPORTUNITY COMMISSION
234,,,,,,,,,2/25/2025,"KANSAS CITY, KS",69437.0,Termination via Mass Mod,1463756.0,2189619.0,OFFICE OF THE SECRETARY
235,,,,,,,,,2/25/2025,"WICHITA, KS",1700.0,Termination via Mass Mod,47273.0,76543.0,FOOD AND DRUG ADMINISTRATION
236,,,,,,,,,2/25/2025,"GLADSTONE, MO",1378.0,Termination via Mass Mod,28600.0,64330.0,ANIMAL AND PLANT HEALTH INSPECTION SERVICE
237,,,,,,,,,2/25/2025,"JEFFERSON CITY, MO",6440.0,Termination via Mass Mod,83833.0,29858.0,FEDERAL HIGHWAY ADMINISTRATION
238,,,,,,,,,2/25/2025,"NEW ORLEANS, LA",970.0,Termination via Mass Mod,17460.0,21813.0,BUREAU OF MINERALS MANAGEMENT SERVICE
239,,,,,,,,,2/25/2025,"WATONGA, OK",2850.0,Termination via Mass Mod,38973.0,64812.0,BUREAU OF INDIAN AFFAIRS
240,,,,,,,,,2/25/2025,"SEMINOLE, OK",9825.0,Termination via Mass Mod,184770.0,199957.0,BUREAU OF INDIAN AFFAIRS
241,,,,,,,,,2/25/2025,"PAWNEE, OK",7549.0,Termination via Mass Mod,156171.0,169007.0,BUREAU OF INDIAN AFFAIRS
242,,,,,,,,,2/25/2025,"LONGVIEW, TX",320.0,Termination via Mass Mod,5101.0,11473.0,"EMPLOYMENT STANDARDS ADMINISTRATION, WAGE AND HOUR DIVI"
243,,,,,,,,,2/25/2025,"IRVING, TX",5788.0,Termination via Mass Mod,110632.0,402517.0,FOOD AND DRUG ADMINISTRATION
244,,,,,,,,,2/25/2025,"SAN ANGELO, TX",7510.0,Termination via Mass Mod,122531.0,203436.0,GEOLOGICAL SURVEY
245,,,,,,,,,2/25/2025,"DALLAS, TX",15255.0,Termination via Mass Mod,423186.0,0.0,FEDERAL TRADE COMMISSION
246,,,,,,,,,2/25/2025,"EL PASO, TX",7973.0,Termination via Mass Mod,154936.0,306476.0,EQUAL EMPLOYMENT OPPORTUNITY COMMISSION
247,,,,,,,,,2/25/2025,"SAN ANTONIO, TX",4775.0,Termination via Mass Mod,116130.0,19408.0,OFFICE OF PERSONNEL MANAGEMENT
248,,,,,,,,,2/25/2025,"SAN ANTONIO, TX",5036.0,Termination via Mass Mod,129035.0,162973.0,"EMPLOYMENT STANDARDS ADMINISTRATION, WAGE AND HOUR DIVI"
249,,,,,,,,,2/25/2025,"BEAUMONT, TX",2404.0,Termination via Mass Mod,49665.0,17689.0,MARITIME ADMINISTRATION
250,,,,,,,,,2/25/2025,"DURANGO, CO",1245.0,Termination via Mass Mod,35074.0,39206.0,"CORPS OF ENGINEERS, CIVIL"
251,,,,,,,,,2/25/2025,"FORT THOMPSON, SD",4870.0,Termination via Mass Mod,58976.0,139764.0,BUREAU OF INDIAN AFFAIRS
252,,,,,,,,,2/25/2025,"SISSETON, SD",4911.0,Termination via Mass Mod,180008.0,14795.0,BUREAU OF INDIAN AFFAIRS
253,,,,,,,,,2/25/2025,"SIOUX FALLS, SD",3810.0,Termination via Mass Mod,87563.0,323624.0,SMALL BUSINESS ADMINISTRATION
254,,,,,,,,,2/25/2025,"CHEYENNE, WY",9521.0,Termination via Mass Mod,184686.0,1062072.0,GEOLOGICAL SURVEY
255,,,,,,,,,2/25/2025,"TEMPE, AZ",4176.0,Termination via Mass Mod,151150.0,1423706.0,FOOD AND DRUG ADMINISTRATION
256,,,,,,,,,2/25/2025,"PHOENIX, AZ",71591.0,Termination via Mass Mod,1784239.0,7293384.0,BUREAU OF INDIAN AFFAIRS
257,,,,,,,,,2/25/2025,"NOGALES, AZ",2506.0,Termination via Mass Mod,68994.0,114738.0,FEDERAL MOTOR CARRIER SAFETY ADMINISTRATION
258,,,,,,,,,2/25/2025,"TUCSON, AZ",4791.0,Termination via Mass Mod,126942.0,708786.0,UNITED STATES FISH AND WILDLIFE SERVICE
259,,,,,,,,,2/25/2025,"PHOENIX, AZ",22915.0,Termination via Mass Mod,562209.0,1336979.0,EQUAL EMPLOYMENT OPPORTUNITY COMMISSION
260,,,,,,,,,2/25/2025,"APPLE VALLEY, CA",3755.0,Termination via Mass Mod,78724.0,328269.0,"CORPS OF ENGINEERS, CIVIL"
261,,,,,,,,,2/25/2025,"MONTEREY PARK, CA",6917.0,Termination via Mass Mod,193399.0,361895.0,DEPARTMENTAL MANAGEMENT (IG)
262,,,,,,,,,2/25/2025,"ONTARIO, CA",8559.0,Termination via Mass Mod,255184.0,430667.0,PIPELINE & HAZARDOUS MATERIALS SAFETY ADMIN (PHMSA)
263,,,,,,,,,2/25/2025,"LOMPOC, CA",5400.0,Termination via Mass Mod,127062.0,223142.0,FAS REG 09 MAINTENANCE CONTROL CENTER
264,,,,,,,,,2/25/2025,"LOS ANGELES, CA",7100.0,Termination via Mass Mod,313985.0,552270.0,FEDERAL HIGHWAY ADMINISTRATION
265,,,,,,,,,2/25/2025,"CAMARILLO, CA",27345.0,Termination via Mass Mod,868837.0,3532477.0,BUREAU OF MINERALS MANAGEMENT SERVICE
266,,,,,,,,,2/25/2025,"ORANGE, CA",2082.0,Termination via Mass Mod,82733.0,287637.0,"EMPLOYMENT STANDARDS ADMINISTRATION, WAGE AND HOUR DIVI"
267,,,,,,,,,2/25/2025,"HILO, HI",4638.0,Termination via Mass Mod,164391.0,150429.0,NATIONAL OCEANIC ATMOSPHERIC ADMINISTRATION
268,,,,,,,,,2/25/2025,"ELKO, NV",4760.0,Termination via Mass Mod,134297.0,257924.0,BUREAU OF INDIAN AFFAIRS
269,,,,,,,,,2/25/2025,"WASILLA, AK",4200.0,Termination via Mass Mod,100700.0,565024.0,NATURAL RESOURCES CONSERVATION SERVICE
270,,,,,,,,,2/25/2025,"IDAHO FALLS, ID",13681.0,Termination via Mass Mod,69756.0,488672.0,NATIONAL OCEANIC ATMOSPHERIC ADMINISTRATION
271,,,,,,,,,2/25/2025,"BOISE, ID",5179.0,Termination via Mass Mod,111193.0,1025719.0,FEDERAL HIGHWAY ADMINISTRATION
272,,,,,,,,,2/25/2025,"SALEM, OR",6589.0,Termination via Mass Mod,158557.0,927450.0,FEDERAL HIGHWAY ADMINISTRATION
273,,,,,,,,,2/25/2025,"SALEM, OR",2200.0,Termination via Mass Mod,50786.0,285097.0,FEDERAL MOTOR CARRIER SAFETY ADMINISTRATION
274,,,,,,,,,2/25/2025,"CORVALLIS, OR",6849.0,Termination via Mass Mod,202142.0,1425515.0,GEOLOGICAL SURVEY
275,,,,,,,,,2/25/2025,"PORTLAND, OR",4987.0,Termination via Mass Mod,87362.0,135710.0,NATURAL RESOURCES CONSERVATION SERVICE
276,,,,,,,,,2/25/2025,"KLAMATH FALLS, OR",8913.0,Termination via Mass Mod,72848.0,0.0,GEOLOGICAL SURVEY
277,,,,,,,,,2/25/2025,"SPOKANE VALLEY, WA",13196.0,Termination via Mass Mod,260022.0,2210543.0,GEOLOGICAL SURVEY
278,,,,,,,,,2/25/2025,"HYATTSVILLE, MD",76372.0,True Termination- Move to Federal Space,2568071.0,4390347.0,DEPT OF TREASURY-BUREAU OF THE FISCAL SERVICE
279,,,,,,,,,2/24/2025,"STAMFORD, CT",1380.0,Termination via Mass Mod,71191.0,308951.0,ENVIRONMENTAL PROTECTION AGENCY
280,,,,,,,,,2/24/2025,"SPRINGFIELD, MA",894.0,Termination via Mass Mod,20562.0,61742.0,SMALL BUSINESS ADMINISTRATION
281,,,,,,,,,2/24/2025,"LOWELL, MA",3900.0,GSA and NPS identified this as a termination project,44853.0,152377.0,NATIONAL PARK SERVICE
282,,,,,,,,,2/24/2025,"SUTTON, MA",1273.0,Termination via Mass Mod,33554.0,68672.0,ANIMAL AND PLANT HEALTH INSPECTION SERVICE
283,,,,,,,,,2/24/2025,"EVERETT, MA",2789.0,Termination via Mass Mod,122029.0,387151.0,AGRICULTURAL MARKETING SERVICE
284,,,,,,,,,2/24/2025,"LOWELL, MA",36752.0,True Termination- Move to Federal Space,1189592.0,0.0,INTERNAL REVENUE SERVICE NATIONAL OFFICE
285,,,,,,,,,2/24/2025,"STATE COLLEGE, PA",443.0,Termination via Mass Mod,12232.0,45912.0,"EMPLOYMENT STANDARDS ADMINISTRATION, WAGE AND HOUR DIVI"
286,,,,,,,,,2/24/2025,"SEFFNER, FL",1525.0,Termination via Mass Mod,21855.0,7365.0,NATIONAL OCEANIC ATMOSPHERIC ADMINISTRATION
287,,,,,,,,,2/24/2025,"HAZARD, KY",1652.0,True Termination- Agency Closed Office,38031.0,3855.0,SSA
288,,,,,,,,,2/24/2025,"LEXINGTON-FAYETTE, KY",1200.0,True Termination- Agency Closed Office,15143.0,15434.0,SBA
289,,,,,,,,,2/24/2025,"GREENSBORO, NC",30123.0,True Termination- Agency Closed Office,731294.0,2436313.0,NATURAL RESOURCES CONSERVATION SERVICE
290,,,,,,,,,2/24/2025,"WILMINGTON, NC",4349.0,True Termination- Agency Closed Office,53011.0,84963.0,CORPS ENGR CVL APPND
291,,,,,,,,,2/24/2025,"GREENSBORO, NC",648.0,True Termination- Agency Closed Office,10928.0,14641.0,SBA
292,,,,,,,,,2/24/2025,"AIKEN, SC",2250.0,True Termination- Agency Closed Office,43133.0,205027.0,SAVANNAH RIVER OPERATIONS OFFICE
293,,,,,,,,,2/24/2025,"CARMEL, IN",247.0,Termination via Mass Mod,4199.0,11907.0,FEDERAL ENERGY REGULATORY COMMISSION
294,,,,,,,,,2/24/2025,"JONESBORO, AR",2340.0,Agency approved lease termination,64998.0,197132.0,SSA
295,,,,,,,,,2/24/2025,"TEXARKANA, AR",1436.0,Agency approved lease termination,25643.0,37797.0,SOCIAL SECURITY ADMINISTRATION
296,,,,,,,,,2/24/2025,"LITTLE ROCK, AR",3974.0,Agency approved lease termination,85875.0,0.0,USDA AMS
297,,,,,,,,,2/24/2025,"UVALDE, TX",920.0,Termination via Mass Mod,20070.0,58615.0,ANIMAL AND PLANT HEALTH INSPECTION SERVICE
298,,,,,,,,,2/24/2025,"HARLINGEN, TX",612.0,Termination via Mass Mod,8874.0,15559.0,"EMPLOYMENT STANDARDS ADMINISTRATION, WAGE AND HOUR DIVI"
299,,,,,,,,,2/24/2025,"ABILENE, TX",1342.0,Agency approved of termination,26261.0,39859.0,SOCIAL SECURITY ADMINISTRATION
300,,,,,,,,,2/24/2025,"GRAND JUNCTION, CO",1444.0,True Termination- Agency Closed Office,25217.0,119868.0,UNITED STATES FISH AND WILDLIFE SERVICE
301,,,,,,,,,2/24/2025,"PABLO, MT",620.0,Termination via Mass Mod,10418.0,885.0,ID BUR INDIAN AFF
302,,,,,,,,,2/24/2025,"HELENA, MT",1810.0,True Termination- Agency Closed Office,39248.0,26129.0,FEDERAL MOTOR CARRIER SAFETY ADMINISTRATION
303,,,,,,,,,2/24/2025,"SHOW LOW, AZ",460.0,Termination via Mass Mod,11013.0,6487.0,SMALL BUSINESS ADMINISTRATION
304,,,,,,,,,2/21/2025,"HORSEHEADS, NY",11400.0,Agency response on no longer a need for space provided by Portfolio.,313948.0,0.0,SOCIAL SECURITY ADMINISTRATION
305,,,,,,,,,2/21/2025,"MOBILE, AL",5118.0,True Termination- Agency Closed Office,112596.0,244009.0,EQUAL EMPLOYMENT OPPORTUNITY COMMISSION
306,,,,,,,,,2/21/2025,"GADSDEN, AL",1450.0,True Termination- Agency Closed Office,32357.0,67462.0,SOCIAL SECURITY ADMINISTRATION
307,,,,,,,,,2/21/2025,"MELBOURNE, FL",570.0,True Termination- Agency Closed Office,8862.0,0.0,SMALL BUSINESS ADMINISTRATION
308,,,,,,,,,2/21/2025,"OXFORD, MS",600.0,True Termination- Agency Closed Office,9228.0,16535.0,JD US MARSHALS SRV
309,,,,,,,,,2/21/2025,"PEARL, MS",7161.0,True Termination- Agency Closed Office,112316.0,5231.0,USDA NRCS
310,,,,,,,,,2/21/2025,"COLLIERVILLE, TN",2190.0,True Termination- Agency Closed Office,40141.0,139779.0,FED MED & CONCIL SRV
311,,,,,,,,,2/21/2025,"PORTSMOUTH, OH",1415.0,True Termination- Agency Closed Office,36706.0,92317.0,SOCIAL SECURITY ADMINISTRATION
312,,,,,,,,,2/21/2025,"ST. LOUIS, MO",4237.0,True Termination- Agency Closed Office,122625.0,337639.0,FED MED & CONCIL SRV
313,,,,,,,,,2/21/2025,"CRAIG, CO",4328.0,"Termination details are still being finalized. The lessor and customer have been notified, and the strategy is under development.",184283.0,77247.0,MINE SAFETY HEALTH ADMINISTRATION
314,,,,,,,,,2/21/2025,"SHELBY, MT",16292.0,True Termination- Agency Closed Office,363559.0,0.0,BORDER PATROL F
315,,,,,,,,,2/21/2025,"BISMARCK, ND",0.0,True Termination- Agency Closed Office,2016.0,2563.0,FAS REG8 FLT MGT FAC
316,,,,,,,,,2/21/2025,"CHICO, CA",315.0,True Termination- Agency Closed Office,7560.0,0.0,SMALL BUSINESS ADMINISTRATION
317,,,,,,,,,2/21/2025,"PORTLAND, OR",5485.0,Agency indicated they could release this space if replacement space was procured. ,132796.0,0.0,AGRICULTURAL MARKETING SERVICE
318,,,,,,,,,2/21/2025,"HERNDON, VA",4539.0,True Termination- Agency Closed Office,129438.0,5319.0,BUR OF INDUSTRY & SECURITY
319,,,,,,,,,2/20/2025,"HARTFORD, CT",0.0,True Termination- Agency Closed Office,8400.0,23382.0,FAS REG1 FLT MGT FAC
320,,,,,,,,,2/20/2025,"JACKSONVILLE, FL",12353.0,True Termination- Agency Closed Office,243409.0,0.0,USA AFR
321,,,,,,,,,2/20/2025,"MELBOURNE, FL",1415.0,True Termination- Agency Closed Office,59697.0,263973.0,SOCIAL SECURITY ADMINISTRATION
322,,,,,,,,,2/20/2025,"ST. JOSEPH, MO",1449.0,True Termination- Consolidation,34598.0,0.0,FEDERAL BUREAU OF INVESTIGATION
323,,,,,,,,,2/20/2025,"BOULDER, CO",3830.0,"Termination details are still being finalized. The lessor and customer have been notified, and the strategy is under development.",85086.0,399788.0,GEOLOGICAL SURVEY
324,,,,,,,,,2/20/2025,"ARLINGTON, VA",88469.0,True Termination- Move to Federal Space,3016102.0,0.0,LD MINE SAFE HEALTH
325,,,,,,,,,2/19/2025,"ROCK ISLAND, IL",10895.0,Agency moving to Rock Island Leased Courthouse,192352.0,192352.0,U.S. IMMIGRATION & CUSTOMS ENFORCEMENT (ICE)
326,,,,,,,,,2/18/2025,"RENSSELAER, NY",115.0,True Termination- Vacant Space Buyout,2500.0,48.0,FPS-DHS-MGMT
327,,,,,,,,,2/18/2025,"SAINT AUGUSTINE, FL",4045.0,Agency entering into a license agreement with Northrop Grumman for their space,78878.0,0.0,DOD DEF CONT MGT AGY
328,,,,,,,,,2/18/2025,"ROCKFORD, IL",1743.0,True Termination- Agency Closed Office,36768.0,62355.0,SSA
329,,,,,,,,,2/14/2025,"ST. LOUIS, MO",3392.0,True Termination- Agency Closed Office,85087.0,0.0,DEFENSE COUNTERINTELLIGENCE AND SECURITY AGENCY – DOD W
330,,,,,,,,,2/13/2025,"ATLANTA, GA",7682.0,True Termination- Agency Closed Office,128233.0,545957.0,DHS UNITED STATES SECRET SERVICE
331,,,,,,,,,2/13/2025,"ATLANTA, GA",8360.0,True Termination- Move to Federal Space,223483.0,12858.0,FTC
332,,,,,,,,,2/13/2025,"WASHINGTON, DC",59681.0,True Termination- Move to Federal Space,2774013.0,0.0,DHS UNDERSEC FOR MGM
333,,,,,,,,,2/13/2025,"SILVER SPRING, MD",64471.0,True Termination- Agency Closed Office,2006132.0,0.0,HHS FDA
334,,,,,,,,,2/13/2025,"DERWOOD, MD",29744.0,True Termination- Agency Closed Office,884357.0,0.0,HHS FDA
335,,,,,,,,,2/12/2025,"CHARLOTTE AMALIE, VI",1277.0,True Termination- Agency Closed Office,67411.0,0.0,EPA
336,,,,,,,,,2/12/2025,"MERRILL, WI",393.0,True Termination- Agency Closed Office,6067.0,6067.0,DEFENSE CONTRACT MANAGEMENT AGENCY- NATIONAL
337,,,,,,,,,2/12/2025,"FOLSOM, CA",1330.0,True Termination- Agency Closed Office,39208.0,78417.0,DOE FERC
338,,,,,,,,,2/12/2025,"LAS VEGAS, NV",1895.0,True Termination- Move to Federal Space,65406.0,17203.0,SSA
339,,,,,,,,,2/12/2025,"WASHINGTON, DC",66390.0,True Termination- Move to Federal Space,2385019.0,0.0,OFFICE OF MANAGEMENT
340,,,,,,,,,2/12/2025,"LORTON, VA",15280.0,True Termination- Agency Closed Office,342689.0,0.0,General Services Administration
341,,,,,,,,,2/11/2025,"RANCHO CORDOVA, CA",18414.0,True Termination- Agency Closed Office,223462.0,446924.0,VBA
342,,,,,,,,,2/10/2025,"SAN JOSE, CA",4562.0,True Termination- Agency Closed Office,257302.0,0.0,DEF CONT MANA AGNEY
343,,,,,,,,,2/10/2025,"WASHINGTON, DC",17593.0,True Termination- Agency Closed Office,795617.0,0.0,USDA FS
344,,,,,,,,,2/7/2025,"HOFFMAN ESTATES, IL",73573.0,True Termination- Consolidation,1480913.0,746542.0,NATIONAL ARCHIVES CENTERS
345,,,,,,,,,2/7/2025,"SANTA MARIA, CA",6440.0,True Termination- Agency Direct Lease,118513.0,237027.0,ID GEOLOGICAL SURVEY
346,,,,,,,,,2/7/2025,"MENLO PARK, CA",20000.0,True Termination- Agency Direct Lease,1800000.0,0.0,ID GEOLOGICAL SURVEY
347,,,,,,,,,2/6/2025,"MCLEANSVILLE, NC",6913.0,True Termination- Agency Closed Office,156339.0,347800.0,DOD DCAA
348,,,,,,,,,2/6/2025,"ROANOKE RAPIDS, NC",982.0,True Termination- Lease Backfill,24000.0,0.0,SOCIAL SECURITY ADMINISTRATION
349,,,,,,,,,2/6/2025,"OKEMOS, MI",4276.0,True Termination- Agency Closed Office,108966.0,0.0,SOCIAL SECURITY ADMINISTRATION
350,,,,,,,,,2/6/2025,"COLUMBUS, OH",3999.0,True Termination- Move to Federal Space,81059.0,0.0,SOCIAL SECURITY ADMINISTRATION
351,,,,,,,,,2/6/2025,"COLUMBUS, OH",61371.0,True Termination- Move to Federal Space,1525086.0,0.0,BANKRUPTCY CLERK
352,,,,,,,,,2/6/2025,"TOLEDO, OH",6834.0,True Termination- Move to Federal Space,146733.0,0.0,PROBATION
353,,,,,,,,,2/6/2025,"FAIRFIELD, OH",124569.0,True Termination- Agency Closed Office,478213.0,58958.0,NATIONAL ARCHIVES CENTERS
354,,,,,,,,,2/6/2025,"GREEN BAY, WI",976.0,True Termination- Consolidation,26229.0,0.0,SOCIAL SECURITY ADMINISTRATION
355,,,,,,,,,2/6/2025,"BATESVILLE, AR",1934.0,True Termination- Agency Direct Lease,29010.0,0.0,SOCIAL SECURITY ADMINISTRATION
356,,,,,,,,,2/6/2025,"CARNEGIE, OK",0.0,True Termination- Agency Closed Office,2798.0,6241.0,BUREAU OF INDIAN AFFAIRS
357,,,,,,,,,2/6/2025,"BROKEN BOW, OK",2325.0,True Termination- Agency Closed Office,30612.0,60050.0,ID FISH&WLF SRVC
358,,,,,,,,,2/6/2025,"BROWNSVILLE, TX",748.0,True Termination- Agency Closed Office,18287.0,91487.0,General Services Administration
359,,,,,,,,,2/6/2025,"EL PASO, TX",3409.0,True Termination- Move to Federal Space,75290.0,150373.0,ID GEOLOGICAL SURVEY
360,,,,,,,,,2/6/2025,"MCALLEN, TX",2597.0,True Termination- Agency Closed Office,79520.0,284746.0,ID FISH&WLF SRVC
361,,,,,,,,,2/6/2025,"WASHINGTON, DC",30193.0,True Termination- Agency Closed Office,1462643.0,0.0,DOE FERC
362,,,,,,,,,2/5/2025,"BUFFALO, NY",18163.0,True Termination- Consolidation,548896.0,0.0,"FAS, REG02 FLEET MANAGEMENT FACILITIES"
363,,,,,,,,,2/5/2025,"JACKSONVILLE, FL",1155.0,True Termination- Move to Federal Space,27616.0,7566.0,DCSA-DOD WORKING CAP
364,,,,,,,,,2/5/2025,"MIDDLEBURG HEIGHTS, OH",1000.0,True Termination- Agency Closed Office,15299.0,0.0,BU ALC TOB FRMS XPL
365,,,,,,,,,2/5/2025,"MILWAUKEE, WI",7322.0,True Termination- Move to Federal Space,186700.0,36829.0,DEFENSE CONTRACT MANAGEMENT AGENCY- NATIONAL
366,,,,,,,,,2/5/2025,"FAYETTEVILLE, AR",440.0,True Termination- Move to Federal Space,11096.0,0.0,"EMPLOYMENT STANDARDS ADMINISTRATION, WAGE AND HOUR DIVI"
367,,,,,,,,,2/5/2025,"ALBUQUERQUE, NM",5624.0,True Termination- Consolidation,67317.0,336585.0,DOD JTO
368,,,,,,,,,2/5/2025,"LAS CRUCES, NM",1120.0,True Termination- Move to Federal Space,27109.0,8690.0,VETERANS BENEFITS ADMINISTRATION
369,,,,,,,,,2/5/2025,"HOUSTON, TX",555.0,True Termination- Agency Closed Office,13547.0,67771.0,FED MARITIME COMM
370,,,,,,,,,2/5/2025,"AUBURN, CA",1228.0,True Termination- Agency Closed Office,31025.0,62051.0,USAF DEPT
371,,,,,,,,,2/4/2025,"NORTH ANDOVER CENTER, MA",5300.0,True Termination- Consolidation,116190.0,65258.0,JD DRUG ENF
372,,,,,,,,,2/4/2025,"LEBANON, NH",959.0,True Termination- Agency Closed Office,29098.0,0.0,SMALL BUSINESS ADMINISTRATION
373,,,,,,,,,2/4/2025,"REHOBOTH BEACH, DE",1300.0,True Termination- Agency Closed Office,120000.0,0.0,DHS USSS
374,,,,,,,,,2/4/2025,"REHOBOTH BEACH, DE",2400.0,True Termination- Agency Closed Office,308975.0,0.0,DHS USSS
375,,,,,,,,,2/4/2025,"WILMINGTON, DE",2350.0,True Termination- Agency Closed Office,89250.0,0.0,DOD WHS
376,,,,,,,,,2/4/2025,"REHOBOTH BEACH, DE",2740.0,True Termination- Agency Closed Office,156300.0,0.0,DOD DISA
377,,,,,,,,,2/4/2025,"WILMINGTON, DE",13441.0,True Termination- Agency Closed Office,528160.0,0.0,DHS USSS
378,,,,,,,,,2/4/2025,"WILMINGTON, DE",0.0,True Termination- Agency Closed Office,249975.0,0.0,DHS UNITED STATES SECRET SERVICE
379,,,,,,,,,2/4/2025,"PHILADELPHIA, PA",1000.0,True Termination- Agency Closed Office,39348.0,0.0,DHS USSS
380,,,,,,,,,2/4/2025,"MOBILE, AL",23860.0,True Termination- Agency Direct Lease,722044.0,0.0,"CORPS OF ENGINEERS, CIVIL"
381,,,,,,,,,2/4/2025,"CHAMPAIGN, IL",2958.0,True Termination- Agency Closed Office,57893.0,0.0,TD OFF CMPT CRRNCY
382,,,,,,,,,2/4/2025,"DAYTON, OH",2257.0,True Termination- Agency Closed Office,33574.0,0.0,JD US TRUSTEES
383,,,,,,,,,2/4/2025,"AKRON, OH",3201.0,True Termination- Move to Federal Space,48404.0,0.0,DEFENSE CONTRACT MANAGEMENT AGENCY- NATIONAL
384,,,,,,,,,2/4/2025,"MADISON, WI",2871.0,True Termination- Agency Closed Office,58142.0,290868.0,ID FISH&WLF SRVC
385,,,,,,,,,2/4/2025,"DAVENPORT, IA",351.0,True Termination- Agency Closed Office,6435.0,20555.0,LD BAT
386,,,,,,,,,2/4/2025,"AUSTIN, TX",0.0,True Termination- Agency Closed Office,139440.0,46607.0,U.S. IMMIGRATION & CUSTOMS ENFORCEMENT (ICE)
387,,,,,,,,,2/4/2025,"ABILENE, TX",4998.0,True Termination- Agency Closed Office,68743.0,0.0,DHS TSA
388,,,,,,,,,2/4/2025,"CARLSBAD, CA",3579.0,True Termination- Consolidation,116449.0,134634.0,SSA
389,,,,,,,,,2/4/2025,"YAKIMA, WA",330.0,True Termination- Vacant Space Buyout,2580.0,1647.0,JD DRUG ENF
390,,,,,,,,,2/4/2025,"SEATTLE, WA",23394.0,True Termination- Move to Federal Space,1052732.0,0.0,GOVERNMENT ACCOUNTABILITY OFFICE
391,,,,,,,,,2/3/2025,"LOGAN, WV",7852.0,True Termination- Agency Closed Office,196028.0,0.0,SSA
392,,,,,,,,,2/3/2025,"LOS ANGELES, CA",6610.0,True Termination- Agency Closed Office,463440.0,0.0,DOD WHS
393,,,,,,,,,2/3/2025,"WASHINGTON, DC",5255.0,True Termination- Consolidation,266445.0,0.0,DEPARTMENT OF EDUCATION
394,,,,,,,,,2/2/2025,"TOPEKA, KS",5560.0,True Termination- Agency Closed Office,121818.0,974547.0,USDA RMA
395,,,,,,,,,1/31/2025,"NEW YORK, NY",250.0,True Termination- Agency Closed Office,63000.0,0.0,DHS USSS
396,,,,,,,,,1/31/2025,"NEW YORK, NY",0.0,True Termination- Agency Closed Office,1786302.0,0.0,U.S. IMMIGRATION & CUSTOMS ENFORCEMENT (ICE)
397,,,,,,,,,1/31/2025,"NEW YORK, NY",0.0,True Termination- Agency Closed Office,1879921.0,0.0,U.S. IMMIGRATION & CUSTOMS ENFORCEMENT (ICE)
398,,,,,,,,,1/31/2025,"WASHINGTON, DC",22195.0,True Termination- Move to Federal Space,1060029.0,0.0,FIELD OFFICES
399,,,,,,,,,1/31/2025,"RIVERDALE PARK, MD",5598.0,True Termination- Consolidation,198065.0,0.0,CD NOAA
400,,,,,,,,,1/30/2025,"SPRINGFIELD, IL",3860.0,True Termination- Move to Federal Space,62102.0,150406.0,PBS -FIELD OFFICE
401,,,,,,,,,1/30/2025,"PHOENIX, AZ",46567.0,True Termination- Consolidation,1168475.0,0.0,PUBLIC DEFENDER SERVICE
402,,,,,,,,,1/30/2025,"PHOENIX, AZ",2193.0,True Termination- Vacant Space Buyout,44990.0,224948.0,FED MED & CONCIL SRV
403,,,,,,,,,1/30/2025,"LOS ANGELES, CA",1200.0,True Termination- Agency Closed Office,35340.0,0.0,DHS USSS
404,,,,,,,,,1/30/2025,"LOS ANGELES, CA",16439.0,True Termination- Agency Closed Office,599399.0,0.0,GAO
405,,,,,,,,,1/30/2025,"SAN DIEGO, CA",9563.0,True Termination- Vacant Space Buyout,348817.0,1744084.0,BU ALC TOB FRMS XPL
406,,,,,,,,,1/30/2025,"BREA, CA",2551.0,True Termination- Vacant Space Buyout,74556.0,0.0,USDA FSIS
407,,,,,,,,,1/30/2025,"WASHINGTON, DC",46821.0,True Termination- Move to Federal Space,2097020.0,1419079.0,AID
408,,,,,,,,,1/30/2025,"WASHINGTON, DC",2061.0,True Termination- Agency Closed Office,71820.0,0.0,DHS USSS
409,,,,,,,,,1/30/2025,"WASHINGTON, DC",845389.0,True Termination- Consolidation,26357330.0,0.0,LD BUR LAB STAT
410,,,,,,,,,1/29/2025,"WHITE PLAINS, NY",16632.0,True Termination- Consolidation,511908.0,0.0,SSA
411,,,,,,,,,1/29/2025,"MIDDLEBURG HEIGHTS, OH",5421.0,True Termination- Agency Closed Office,96568.0,193136.0,USA AFR
412,,,,,,,,,1/29/2025,"ARLINGTON, VA",55043.0,True Termination- Consolidation,2595912.0,0.0,DHS UNDERSEC FOR MGM
413,,,,,,,,,1/29/2025,"ARLINGTON, VA",49662.0,True Termination- Consolidation,2440578.0,0.0,DHS UNDERSEC FOR MGM
414,,,,,,,,,1/27/2025,"CHARLOTTESVILLE, VA",3719.0,True Termination- Agency Closed Office,124121.0,0.0,DOD DEF CONT MGT AGY
415,,,,,,,,,1/27/2025,"ATLANTA, GA",119812.0,True Termination- Agency Direct Lease,2490197.0,2074027.0,CENTER FOR DISEASE CONTROL
416,,,,,,,,,1/22/2025,"MIAMI, FL",3076.0,True Termination- Lease Backfill,112278.0,0.0,STATE DEPT
417,,,,,,,,,1/22/2025,"CINCINNATI, OH",3068.0,True Termination- Move to Federal Space,75739.0,0.0,BUREAU OF PRISONS
418,,,,,,,,,1/22/2025,"KANSAS CITY, KS",51138.0,True Termination- Lease Backfill,903731.0,1346931.0,BUREAU OF PRISONS
